Ticker,Empresa,setor_original,Setor,PL,PVP,ROE,DivYield,MarketCap,Preco,Categoria,Score,LucroPorAcao,PrecoJusto,Desconto_%,Ranking,Risco,Farol
BSLI4,BRB BANCO   PN,Financial Services,Serviços Financeiros,2.2178218,0.5466081,0.25134,0.1439,2178091279.0331683,4.480000019073486,Small Caps,85,2.019999992367956,30.29999988551934,85.21,58.0,Baixo,🟢
BSLI3,BRB BANCO   ON,Financial Services,Serviços Financeiros,2.2772276,0.5612494,0.25134,0.1255,2280205609.9266615,4.599999904632568,Small Caps,85,2.02000006702561,30.30000100538415,84.82,58.0,Baixo,🟢
BAZA3,AMAZONIA    ON,Financial Services,Serviços Financeiros,3.997611,0.6440166,0.15239,0.0942,4690399113.40416,83.66999816894531,Small Caps,85,20.929999984727207,313.9499997709081,73.35,52.0,Baixo,🟢
BRSR6,BANRISUL    PNB     N1,Financial Services,Serviços Financeiros,4.038186,0.60374665,0.1567,0.061799999999999994,6919848182.042276,16.920000076293945,Small Caps,85,4.190000182332846,62.85000273499269,73.08,52.0,Baixo,🟢
BNBR3,NORD BRASIL ON,Financial Services,Serviços Financeiros,4.266876,0.7757316,0.19412,0.0495,12040382502.5,121.99,Mid Caps,85,28.590003552950684,428.85005329426025,71.55,52.0,Baixo,🟢
BRSR5,BANRISUL    PNA     N1,Financial Services,Serviços Financeiros,4.484487,0.67047286,0.1567,0.057300000000000004,7684630422.83,18.79,Small Caps,85,4.189999881814798,62.849998227221974,70.1,46.0,Baixo,🟢
JHSF3,JHSF PART   ON  ED  NM,Real Estate,Imobiliário,4.526316,0.91130656,0.20974001,0.0928,5750924805.293444,8.600000381469727,Small Caps,85,1.8999999959061027,28.49999993859154,69.82,58.0,Baixo,🟢
BRSR3,BANRISUL    ON      N1,Financial Services,Serviços Financeiros,4.529833,0.6772525,0.1567,0.0564,7762335386.246342,18.979999542236328,Small Caps,85,4.189999839339845,62.84999759009767,69.8,46.0,Baixo,🟢
COGN3,COGNA ON    ON      NM,Consumer Defensive,Consumo Defensivo,4.609375,0.4612979,0.10893,0.0593,5886985208.45706,2.950000047683716,Small Caps,65,0.6400000103449417,9.600000155174126,69.27,34.0,Baixo,🟢
ABCB4,ABC BRASIL  PN      N2,Financial Services,Serviços Financeiros,4.8093457,0.9181088,0.15463,0.11689999999999999,6211142409.527264,25.729999542236328,Small Caps,85,5.350000009821779,80.25000014732667,67.94,52.0,Baixo,🟢
SUZB3,SUZANO S.A. ON      NM,Basic Materials,Materiais Básicos,4.935305,1.5063895,0.35192,0.0209,66007573676.13411,53.400001525878906,Blue Chips,60,10.820000288914041,162.30000433371063,67.1,40.0,Baixo,🟢
CMIG4,CEMIG       PN      N1,Utilities,Utilidades Públicas,5.1403513,1.1669819,0.1416,0.1413,36971342605.75609,11.720000267028809,Mid Caps,80,2.279999864411759,34.19999796617639,65.73,40.0,Baixo,🟢
CYRE3,CYRELA REALTON      NM,Consumer Cyclical,Consumo Cíclico,5.2738094,0.9331882,0.20085,0.138,9737499377.949953,26.579999923706055,Small Caps,85,5.040000103853972,75.60000155780958,64.84,58.0,Baixo,🟢
EMAE4,EMAE        PN,Utilities,Utilidades Públicas,5.4136252,1.0602559,0.23438999,0.0978,3802311889.5,44.5,Small Caps,85,8.220000158119554,123.30000237179331,63.91,52.0,Baixo,🟢
PETR4,PETROBRAS   PN  ATZ N2,Energy,Energia,5.5148144,1.384687,0.28176,0.10310000000000001,575739668833.8955,44.66999816894531,Blue Chips,100,8.100000277243295,121.50000415864942,63.23,58.0,Baixo,🟢
BLAU3,BLAU        ON      NM,Healthcare,Saúde,5.8470583,0.9769041,0.14319,0.0787,2295990415.414853,9.9399995803833,Small Caps,65,1.7000000804478554,25.500001206717833,61.02,40.0,Baixo,🟢
CEAB3,CEA MODAS   ON      NM,Consumer Cyclical,Consumo Cíclico,5.883598,0.9086452,0.16736999,0.07980000000000001,3368407359.4142056,11.119999885559082,Small Caps,85,1.8899999431570753,28.34999914735613,60.78,52.0,Baixo,🟢
PINE3,PINE        ON      N2,Financial Services,Serviços Financeiros,5.8974357,2.0806947,0.33765998,0.0355,2824866842.5,11.5,Small Caps,45,1.9500000652826108,29.25000097923916,60.68,40.0,Baixo,🟢
PINE4,PINE        PN      N2,Financial Services,Serviços Financeiros,5.933333,2.09336,0.33765998,0.0354,2763267412.1447525,11.569999694824219,Small Caps,45,1.9500000581164445,29.250000871746668,60.44,40.0,Baixo,🟢
SAPR4,SANEPAR     PN      N2,Utilities,Utilidades Públicas,5.992248,0.18921036,0.17944999,0.0291,11681618690.693958,7.730000019073486,Mid Caps,85,1.2900000165336092,19.350000248004136,60.05,46.0,Baixo,🟢
POMO4,MARCOPOLO   PN      N2,Industrials,Indústria,6.010204,1.8574581,0.30973,0.1887,7307083345.2831745,5.889999866485596,Small Caps,60,0.9799999910960753,14.699999866441129,59.93,46.0,Baixo,🟢
VTRU3,VITRUEDUCA  ON      NM,Consumer Defensive,Consumo Defensivo,6.0550456,0.62231857,0.18058,0.16,1764213357.3078032,13.199999809265137,Small Caps,85,2.1800000662695482,32.70000099404322,59.63,52.0,Baixo,🟢
RECV3,PETRORECSA  ON      NM,Energy,Energia,6.0566044,0.8243452,0.13571,0.1496,3761834508.7848587,12.84000015258789,Small Caps,65,2.119999805928862,31.799997088932926,59.62,40.0,Baixo,🟢
PETR3,PETROBRAS   ON      N2,Energy,Energia,6.0962963,1.5306883,0.28176,0.0787,636445637504.8318,49.380001068115234,Blue Chips,75,8.100000170286217,121.50000255429325,59.36,52.0,Baixo,🟢
GMAT3,GRUPO MATEUSON      NM,Consumer Cyclical,Consumo Cíclico,6.1071434,1.1297072,0.18402,0.049699999999999994,11799244558.949562,5.130000114440918,Mid Caps,85,0.839999944072202,12.59999916108303,59.29,46.0,Baixo,🟢
EUCA4,EUCATEX     PN      N1,Industrials,Indústria,6.2356687,0.64342284,0.10971,0.055,1877382455.9047337,19.579999923706055,Small Caps,65,3.140000032988612,47.10000049482918,58.43,34.0,Baixo,🟢
TRIS3,TRISUL      ON      NM,Real Estate,Imobiliário,6.445652,0.94910365,0.14368,0.17629999999999998,1384708828.035509,5.929999828338623,Small Caps,65,0.919999998190815,13.799999972862226,57.03,40.0,Baixo,🟢
LOGG3,LOG COM PROPON      NM,Real Estate,Imobiliário,6.4668303,0.6349513,0.100439996,0.1485,2300742243.723297,26.31999969482422,Small Caps,65,4.070000057806406,61.050000867096095,56.89,40.0,Baixo,🟢
LAVV3,LAVVI       ON      NM,Real Estate,Imobiliário,6.4872885,1.9396935,0.28968,0.1105,2992100026.437518,15.3100004196167,Small Caps,60,2.3599999321159677,35.399998981739515,56.75,46.0,Baixo,🟢
CEEB3,COELBA      ON,Utilities,Utilidades Públicas,6.554633,1.5826737,0.25589,0.0425,12420733402.959244,47.38999938964844,Mid Caps,60,7.230000427125125,108.45000640687688,56.3,46.0,Baixo,🟢
EUCA3,EUCATEX     ON      N1,Industrials,Indústria,6.5605097,0.6769413,0.10971,0.049400000000000006,1897980540.746704,20.600000381469727,Small Caps,50,3.139999988334706,47.09999982502059,56.26,34.0,Baixo,🟢
VLID3,VALID       ON      NM,Industrials,Indústria,6.5625005,0.9092981,0.14046,0.1612,1563576222.545185,19.950000762939453,Small Caps,65,3.039999884638402,45.59999826957603,56.25,40.0,Baixo,🟢
IGTI3,IGUATEMI S.AON      N1,Real Estate,Imobiliário,6.574468,0.19709146,0.13001001,0.0304,3727395906.8044124,3.0899999141693115,Small Caps,50,0.46999999302898904,7.049999895434835,56.17,34.0,Baixo,🟢
CMIG3,CEMIG       ON      N1,Utilities,Utilidades Públicas,6.798246,1.5433635,0.1416,0.1073,44340569186.5,15.5,Mid Caps,55,2.279999870554846,34.19999805832269,54.68,34.0,Baixo,🟢
ECOR3,ECORODOVIAS ON      NM,Industrials,Indústria,6.8181815,1.4878492,0.22025,0.0337,6260591034.0,9.0,Small Caps,70,1.320000061600003,19.800000924000045,54.55,46.0,Baixo,🟢
SAPR3,SANEPAR     ON      N2,Utilities,Utilidades Públicas,6.844961,0.2161355,0.17944999,0.0231,13343944617.474169,8.829999923706055,Mid Caps,85,1.2900000341427884,19.350000512141825,54.37,46.0,Baixo,🟢
EZTC3,EZTEC       ON      NM,Real Estate,Imobiliário,6.8775506,0.72837305,0.10967,0.08710000000000001,3738799556.9951134,13.479999542236328,Small Caps,65,1.9600000532509827,29.40000079876474,54.15,40.0,Baixo,🟢
MDNE3,MOURA DUBEUXON      NM,Real Estate,Imobiliário,7.1394234,1.3870727,0.27528998,0.1545,3082504035.583969,29.700000762939453,Small Caps,85,4.159999918612399,62.39999877918598,52.4,52.0,Baixo,🟢
SHUL4,SCHULZ      PN,Consumer Cyclical,Consumo Cíclico,7.1917806,1.2068965,0.17659001,0.078,1871909649.75,5.25,Small Caps,85,0.7300000225257149,10.950000337885724,52.05,46.0,Baixo,🟢
BRAP3,BRADESPAR   ON      N1,Financial Services,Serviços Financeiros,7.196296,0.8371392,0.12597,0.16260000000000002,8074288297.398178,19.43000030517578,Small Caps,65,2.700000153575642,40.50000230363463,52.02,40.0,Baixo,🟢
CLSC3,CELESC      ON      N2,Utilities,Utilidades Públicas,7.2266903,1.210515,0.19126,0.0594,5475207921.42,124.01,Small Caps,85,17.159999232290335,257.39998848435505,51.82,40.0,Baixo,🟢
SMTO3,SAO MARTINHOON      NM,Basic Materials,Materiais Básicos,7.3836207,0.9157979,0.11124,0.052199999999999996,5529106203.947874,17.1299991607666,Small Caps,65,2.319999883088063,34.79999824632094,50.78,34.0,Baixo,🟢
ISAE4,ISA ENERGIA PN  EJ  N1,Utilities,Utilidades Públicas,7.4609165,0.8622516,0.12099,0.095,18237890055.795227,27.68000030517578,Mid Caps,80,3.7100000120864216,55.65000018129632,50.26,46.0,Baixo,🟢
EVEN3,EVEN        ON      NM,Real Estate,Imobiliário,7.5161285,0.6924906,0.104119994,0.1085,1368760582.4710522,6.989999771118164,Small Caps,65,0.9300000354062818,13.950000531094227,49.89,36.0,Baixo,🟢
TGMA3,TEGMA       ON      NM,Industrials,Indústria,7.523924,2.1069205,0.29378998,0.122,2073742979.7065277,31.450000762939453,Small Caps,60,4.179999793052064,62.699996895780956,49.84,42.0,Baixo,🟢
BBSE3,BBSEGURIDADEON      NM,Financial Services,Serviços Financeiros,7.537634,6.5526266,0.89815,0.1517,68039581079.42056,35.04999923706055,Blue Chips,75,4.650000150851122,69.75000226276683,49.75,48.0,Baixo,🟢
WIZC3,WIZ CO      ON      NM,Financial Services,Serviços Financeiros,7.537815,2.0554538,0.27255,0.0623,1434368371.2098513,8.970000267028809,Small Caps,60,1.190000055324893,17.850000829873395,49.75,42.0,Baixo,🟢
ENGI4,ENERGISA    PN      N2,Utilities,Utilidades Públicas,7.6030536,0.20604481,0.19867,0.0634,29767702030.330814,9.960000038146973,Mid Caps,100,1.3099999766076846,19.64999964911527,49.31,54.0,Baixo,🟢
BPAC5,BTGP BANCO  PNA     N2,Financial Services,Serviços Financeiros,7.6785717,0.7393906,0.23868,0.0429,124567287659.5,10.75,Blue Chips,85,1.3999999505116296,20.999999257674446,48.81,54.0,Baixo,🟢
VIVA3,VIVARA S.A. ON      NM,Consumer Cyclical,Consumo Cíclico,7.9365077,2.0017614,0.28418,0.051500000000000004,5876795350.0,25.0,Small Caps,60,3.150000093870003,47.25000140805004,47.09,36.0,Baixo,🟢
NEOE3,NEOENERGIA  ON      NM,Utilities,Utilidades Públicas,7.985508,1.1008625,0.14588,0.044199999999999996,40128138685.776855,33.060001373291016,Mid Caps,65,4.139999781265138,62.099996718977074,46.76,30.0,Baixo,🟢
LEVE3,METAL LEVE  ON      NM,Consumer Cyclical,Consumo Cíclico,8.009301,5.3230295,0.58611,0.0351,4667962973.865509,34.439998626708984,Small Caps,45,4.3000005402105606,64.50000810315841,46.6,36.0,Baixo,🟢
BGIP3,BANESE      ON,Financial Services,Serviços Financeiros,8.020618,1.4271957,0.15865,0.0817,1351130318.0800002,62.24,Small Caps,85,7.7600005386118625,116.40000807917794,46.53,42.0,Baixo,🟢
SBFG3,GRUPO SBF   ON      NM,Consumer Cyclical,Consumo Cíclico,8.078572,0.8575328,0.10802,0.048600000000000004,2598171331.9257593,11.3100004196167,Small Caps,50,1.3999999529145373,20.99999929371806,46.14,30.0,Baixo,🟢
BRAP4,BRADESPAR   PN      N1,Financial Services,Serviços Financeiros,8.185185,0.95217586,0.12597,0.15460000000000002,8687435230.954456,22.100000381469727,Small Caps,65,2.7000001076908737,40.500001615363104,45.43,36.0,Baixo,🟢
TAEE3,TAESA       ON      N2,Utilities,Utilidades Públicas,8.293413,0.62407064,0.23587999,0.0776,14359431109.350946,13.850000381469727,Mid Caps,100,1.6700000809642215,25.05000121446332,44.71,60.0,Baixo,🟢
EKTR4,ELEKTRO     PN,Utilities,Utilidades Públicas,8.404256,3.7497625,0.47262,0.10679999999999999,7653490967.5,39.5,Small Caps,60,4.699999619240537,70.49999428860805,43.97,42.0,Baixo,🟢
TEND3,TENDA       ON      NM,Real Estate,Imobiliário,8.438953,2.9664826,0.44834998,0.0424,3517910524.0890045,29.030000686645508,Small Caps,45,3.440000280443025,51.60000420664538,43.74,36.0,Baixo,🟢
CLSC4,CELESC      PN      N2,Utilities,Utilidades Públicas,8.440816,1.4130646,0.19126,0.0559,5583623301.2799225,144.75999450683594,Small Caps,85,17.150000012657063,257.25000018985594,43.73,36.0,Baixo,🟢
AZZA3,AZZAS 2154  ON      NM,Consumer Cyclical,Consumo Cíclico,8.467692,0.69588083,0.11609,0.0901,5558292896.935833,27.520000457763672,Small Caps,65,3.2500001721559633,48.75000258233945,43.55,36.0,Baixo,🟢
TAEE4,TAESA       PN      N2,Utilities,Utilidades Públicas,8.48503,0.6384896,0.23587999,0.0759,14644648615.419542,14.170000076293945,Mid Caps,100,1.669999997206132,25.049999958091977,43.43,60.0,Baixo,🟢
KEPL3,KEPLER WEBERON      NM,Industrials,Indústria,8.544445,1.7215133,0.20629999,0.0679,1332921936.418128,7.690000057220459,Small Caps,60,0.8999999481792509,13.499999222688764,43.04,42.0,Baixo,🟢
EQPA3,EQTL PARA   ON,Utilities,Utilidades Públicas,8.546666,2.7905965,0.3318,0.1015,14164138946.387436,6.409999847412109,Mid Caps,75,0.750000040648846,11.25000060973269,43.02,48.0,Baixo,🟢
TTEN3,3TENTOS     ON      NM,Basic Materials,Materiais Básicos,8.58721,1.6234338,0.18494,0.024900000000000002,7377326430.834003,14.770000457763672,Small Caps,45,1.719999913564903,25.799998703473545,42.75,24.0,Baixo,🟢
CSED3,CRUZEIRO EDUON      NM,Consumer Defensive,Consumo Defensivo,8.681159,1.3185118,0.16102,0.045899999999999996,2183609809.032831,5.989999771118164,Small Caps,70,0.6900000070403232,10.350000105604847,42.13,36.0,Baixo,🟢
BEES3,BANESTES    ON  EJ,Financial Services,Serviços Financeiros,8.775511,1.2333286,0.14352,0.0406,2988535788.1623116,8.600000381469727,Small Caps,50,0.9799999545860892,14.699999318791338,41.5,24.0,Baixo,🟢
ISAE3,ISA ENERGIA ON  EJ  N1,Utilities,Utilidades Públicas,8.854447,1.0233006,0.12099,0.08070000000000001,21644315531.023865,32.849998474121094,Mid Caps,80,3.7100000117591865,55.6500001763878,40.97,36.0,Baixo,🟢
ALUP4,ALUPAR      PN      N2,Utilities,Utilidades Públicas,8.870968,0.40288612,0.14232999,0.0233,10877686611.0,11.0,Mid Caps,65,1.2399999639272739,18.599999458909107,40.86,30.0,Baixo,🟢
BEES4,BANESTES    PN  EJ,Financial Services,Serviços Financeiros,8.94898,1.2577083,0.14352,0.04019999999999999,3060705033.70821,8.770000457763672,Small Caps,50,0.9800000064547771,14.700000096821658,40.34,24.0,Baixo,🟢
DIRR3,DIRECIONAL  ON      NM,Real Estate,Imobiliário,9.006667,3.6652198,0.43120998,0.18899999999999997,7007119307.432236,13.510000228881836,Small Caps,60,1.4999999698980584,22.499999548470875,39.96,42.0,Baixo,🟢
VAMO3,VAMOS       ON      NM,Industrials,Indústria,9.051282,1.430308,0.10601,0.0377,3778661623.7243977,3.5299999713897705,Small Caps,50,0.3899999990487282,5.849999985730923,39.66,24.0,Baixo,🟢
SANB3,SANTANDER BRON,Financial Services,Serviços Financeiros,9.190184,0.44705743,0.10524,0.055999999999999994,113999373371.09027,14.979999542236328,Blue Chips,80,1.629999958894874,24.44999938342311,38.73,36.0,Baixo,🟢
PLPL3,PLANOEPLANO ON      NM,Real Estate,Imobiliário,9.198718,2.9423828,0.38394,0.1103,2911755420.4039383,14.350000381469727,Small Caps,60,1.5600000327730155,23.400000491595232,38.68,42.0,Baixo,🟢
WHRL3,WHIRLPOOL   ON,Consumer Cyclical,Consumo Cíclico,9.255319,3.0504909,0.30252,0.114,6605255667.38936,4.349999904632568,Small Caps,60,0.46999999725915104,7.049999958887265,38.3,42.0,Baixo,🟢
ENGI3,ENERGISA    ON      N2,Utilities,Utilidades Públicas,9.389314,0.2544529,0.19867,0.0533,30929515941.520885,12.300000190734863,Mid Caps,100,1.3099998775986044,19.649998163979067,37.4,48.0,Baixo,🟢
SANB4,SANTANDER BRPN,Financial Services,Serviços Financeiros,9.411043,0.45780113,0.10524,0.059800000000000006,116739015910.96991,15.34000015258789,Blue Chips,80,1.6300000066504734,24.4500000997571,37.26,36.0,Baixo,🟢
INTB3,INTELBRAS   ON      NM,Technology,Tecnologia,9.439189,1.5284463,0.16176,0.1005,4571960031.590481,13.970000267028809,Small Caps,60,1.4800000579529458,22.200000869294186,37.07,36.0,Baixo,🟢
PSSA3,PORTO SEGUROON      NM,Financial Services,Serviços Financeiros,9.464492,2.0059392,0.22815001,0.0499,31565506943.204155,49.310001373291016,Mid Caps,60,5.209999794314477,78.14999691471715,36.9,42.0,Baixo,🟢
UNIP3,UNIPAR      ON,Basic Materials,Materiais Básicos,9.583963,2.8625004,0.29680002,0.1446,7071263222.228111,63.349998474121094,Small Caps,60,6.6100003176265485,99.15000476439823,36.11,42.0,Baixo,🟢
WHRL4,WHIRLPOOL   PN,Consumer Cyclical,Consumo Cíclico,9.595745,3.162693,0.30252,0.1116,6777565231.02042,4.510000228881836,Small Caps,60,0.4700000082205014,7.050000123307521,36.03,42.0,Baixo,🟢
REDE3,REDE ENERGIAON,Utilities,Utilidades Públicas,9.769231,3.220081,0.30802,0.09380000000000001,16308096672.726957,6.349999904632568,Mid Caps,75,0.6499999748836494,9.749999623254741,34.87,48.0,Baixo,🟢
UNIP6,UNIPAR      PNB,Basic Materials,Materiais Básicos,10.018154,2.992183,0.29680002,0.15039999999999998,7391619107.917511,66.22000122070312,Small Caps,35,6.610000327475814,99.1500049121372,33.21,42.0,Baixo,🟢
ALUP3,ALUPAR      ON      N2,Utilities,Utilidades Públicas,10.112903,0.4592902,0.14232999,0.0203,12400562698.8172,12.539999961853027,Mid Caps,40,1.240000023915292,18.60000035872938,32.58,30.0,Baixo,🟢
OFSA3,OUROFINO S/AON      NM,Healthcare,Saúde,10.126865,1.8313091,0.28625,0.0381,1459252821.162857,27.139999389648438,Small Caps,20,2.680000117474503,40.200001762117545,32.49,36.0,Baixo,🟢
CPFE3,CPFL ENERGIAON      NM,Utilities,Utilidades Públicas,10.158229,2.4669538,0.25354,0.0579,55481053092.350746,48.150001525878906,Blue Chips,50,4.739999612715849,71.09999419073773,32.28,42.0,Baixo,🟢
MOTV3,MOTIVA SA   ON      NM,Industrials,Indústria,10.255172,1.8933028,0.20778,0.0216,29895951348.467945,14.869999885559082,Mid Caps,35,1.4500000473477268,21.7500007102159,31.63,36.0,Baixo,🟢
EKTR3,ELEKTRO     ON,Utilities,Utilidades Públicas,10.374468,4.6288204,0.47262,0.0784,9447701436.181507,48.7599983215332,Small Caps,35,4.699999876767966,70.49999815151949,30.84,42.0,Baixo,🟢
UNIP5,UNIPAR      PNA,Basic Materials,Materiais Básicos,10.435704,3.116895,0.29680002,0.1475,7699696488.648155,68.9800033569336,Small Caps,35,6.609999992040173,99.14999988060259,30.43,42.0,Baixo,🟢
LREN3,LOJAS RENNERON      NM,Consumer Cyclical,Consumo Cíclico,10.458333,1.4146159,0.13732,0.060700000000000004,14791921207.50721,15.0600004196167,Mid Caps,55,1.4400000860191293,21.60000129028694,30.28,36.0,Baixo,🟢
EQPA5,EQTL PARA   PNA,Utilities,Utilidades Públicas,10.599999,3.4610362,0.3318,0.08289999999999999,17562138355.65,7.95,Mid Caps,50,0.7500000707547236,11.250001061320855,29.33,44.0,Baixo,🟢
FIQE3,UNIFIQUE    ON      NM,Communication Services,Comunicação,10.72,1.642157,0.16124001,0.1578,2086254333.1673503,5.360000133514404,Small Caps,35,0.5000000124547018,7.500000186820527,28.53,32.0,Baixo,🟢
CMIN3,CSNMINERACAOON      N2,Basic Materials,Materiais Básicos,10.755556,2.6035504,0.25948998,0.1047,26291096392.784218,4.840000152587891,Mid Caps,50,0.4499999955918495,6.749999933877742,28.3,44.0,Baixo,🟢
UGPA3,ULTRAPAR    ON      NM,Energy,Energia,11.114895,1.7818406,0.16381,0.0672,27916049605.260292,26.1200008392334,Mid Caps,50,2.3499997831048693,35.24999674657304,25.9,38.0,Baixo,🟢
MILS3,MILLS       ON      NM,Industrials,Indústria,11.168,1.8849581,0.18961,0.0529,3164844777.528227,13.960000038146973,Small Caps,35,1.250000003415739,18.750000051236086,25.55,26.0,Baixo,🟢
CEBR5,CEB         PNA,Utilities,Utilidades Públicas,11.845528,2.111288,0.18868,0.1539,2244782456.401932,29.139999389648438,Small Caps,35,2.460000043024544,36.90000064536816,21.03,32.0,Baixo,🟢
CURY3,CURY S/A    ON      NM,Real Estate,Imobiliário,12.060402,7.572693,0.6767,0.1336,11109025973.596802,35.939998626708984,Mid Caps,50,2.980000055280826,44.70000082921239,19.6,44.0,Baixo,🟢
ENMT3,ENERGISA MT ON,Utilities,Utilidades Públicas,12.317536,2.870079,0.25207,0.1058,11380601888.996334,51.97999954223633,Mid Caps,50,4.219999806961094,63.29999710441641,17.88,44.0,Baixo,🟢
ODPV3,ODONTOPREV  ON      NM,Healthcare,Saúde,12.336448,5.576679,0.447,0.0748,7195229951.231726,13.199999809265137,Small Caps,35,1.070000036417706,16.05000054626559,17.76,38.0,Baixo,🟢
CEBR6,CEB         PNB,Utilities,Utilidades Públicas,12.609756,2.2475004,0.18868,0.15710000000000002,2235981036.296482,31.020000457763672,Small Caps,35,2.460000055335224,36.90000083002836,15.93,32.0,Baixo,🟢
CEBR3,CEB         ON,Utilities,Utilidades Públicas,12.682927,2.260542,0.18868,0.1459,2322729639.9981422,31.200000762939453,Small Caps,35,2.4600000270394564,36.90000040559185,15.45,32.0,Baixo,🟢
CXSE3,CAIXA SEGURION      NM,Financial Services,Serviços Financeiros,12.685315,4.015939,0.32463002,0.0725,54419998168.94531,18.139999389648438,Blue Chips,50,1.4299999164110972,21.449998746166457,15.43,44.0,Baixo,🟢
BMOB3,BEMOBI TECH ON      NM,Communication Services,Comunicação,12.698864,1.6602288,0.13066,0.0959,1885981314.6899223,22.350000381469727,Small Caps,15,1.7599999796414645,26.399999694621968,15.34,20.0,Baixo,🟢
MULT3,MULTIPLAN   ON      N2,Real Estate,Imobiliário,13.008696,2.3242445,0.19108,0.039599999999999996,14657569395.455795,29.920000076293945,Mid Caps,35,2.299999944367517,34.49999916551276,13.28,28.0,Baixo,🟢
BMEB3,MERCANTIL   ON  ED  N1,Financial Services,Serviços Financeiros,13.549809,3.2218833,0.30315,0.023,9137080073.257141,70.7300033569336,Small Caps,20,5.22000002781837,78.30000041727554,9.67,22.0,Médio,🟡
FLRY3,FLEURY      ON      NM,Healthcare,Saúde,13.741072,1.6770186,0.113970004,0.1206,8387788285.806212,15.390000343322754,Small Caps,15,1.119999978409454,16.799999676141812,8.39,16.0,Baixo,🟢
ALPA3,ALPARGATAS  ON      N1,Consumer Cyclical,Consumo Cíclico,13.949368,1.8193825,0.15432,0.0461,7470356055.733746,11.020000457763672,Small Caps,20,0.7899999812008452,11.849999718012679,7.0,22.0,Baixo,🟢
EGIE3,ENGIE BRASILON      NM,Utilities,Utilidades Públicas,13.960176,2.8250358,0.2182,0.049400000000000006,36041814242.88985,31.549999237060547,Mid Caps,35,2.2600001058052954,33.90000158707943,6.93,34.0,Baixo,🟢
SBSP3,SABESP      ON      NM,Utilities,Utilidades Públicas,14.173828,2.3915765,0.17889999,0.0434,101629848658.79997,145.13999938964844,Blue Chips,35,10.240000047245418,153.60000070868128,5.51,28.0,Baixo,🟢
ALPA4,ALPARGATAS  PN      N1,Consumer Cyclical,Consumo Cíclico,14.506329,1.8920257,0.15432,0.0582,7768627688.519479,11.460000038146973,Small Caps,35,0.7900000088338665,11.850000132507997,3.29,18.0,Baixo,🟢
TIMS3,TIM         ON      NM,Communication Services,Comunicação,14.860335,2.6499302,0.17117001,0.1061,63538578276.40465,26.600000381469727,Blue Chips,50,1.7900000492229635,26.850000738344452,0.93,30.0,Baixo,🟢
ABEV3,AMBEV S/A   ON,Consumer Defensive,Consumo Defensivo,15.151515,2.6642983,0.16976999,0.15960000000000002,234247879815.0,15.0,Blue Chips,50,0.9900000099000001,14.850000148500001,-1.01,30.0,Baixo,🟢
BMEB4,MERCANTIL   PN  ED  N1,Financial Services,Serviços Financeiros,15.325671,3.644149,0.30315,0.023700000000000002,9870410080.0,80.0,Small Caps,20,5.219999829045006,78.29999743567508,-2.17,18.0,Médio,🟡
EQTL3,EQUATORIAL  ON      NM,Utilities,Utilidades Públicas,15.4440155,1.7580099,0.1313,0.0591,50333583240.0,40.0,Blue Chips,30,2.58999999061125,38.849999859168754,-2.96,12.0,Baixo,🟢
SLCE3,SLC AGRICOLAON      NM,Consumer Defensive,Consumo Defensivo,15.5172415,1.6966726,0.11582,0.0735,8943235560.0,18.0,Small Caps,15,1.1599999909777778,17.39999986466667,-3.45,12.0,Baixo,🟢
CPLE3,COPEL       ON      NM,Utilities,Utilidades Públicas,15.655556,1.8091936,0.10955,0.0863,41848301716.77688,14.09000015258789,Mid Caps,30,0.8999999841965299,13.49999976294795,-4.37,18.0,Baixo,🟢
FRAS3,"FRAS,LE     ON      N1",Consumer Cyclical,Consumo Cíclico,16.060606,2.390079,0.16083999,0.0332,5879504140.789883,21.200000762939453,Small Caps,20,1.3200000524849096,19.800000787273643,-7.07,18.0,Baixo,🟢
KLBN4,KLABIN S/A  PN      N2,Basic Materials,Materiais Básicos,16.652174,0.5959234,0.14569001,0.085,23497782659.032043,3.8299999237060547,Mid Caps,55,0.2299999942173349,3.4499999132600236,-11.01,30.0,Baixo,🟢
KLBN3,KLABIN S/A  ON      N2,Basic Materials,Materiais Básicos,16.695652,0.59747934,0.14569001,0.0852,23559134514.692295,3.8399999141693115,Mid Caps,55,0.2299999972549327,3.4499999588239905,-11.3,30.0,Baixo,🟢
RDOR3,REDE D OR   ON      NM,Healthcare,Saúde,17.26415,4.172842,0.20047002,0.0897,80751335534.42172,36.599998474121094,Blue Chips,50,2.120000027462753,31.800000411941298,-15.09,36.0,Baixo,🟢
MOVI3,MOVIDA      ON      NM,Industrials,Indústria,18.225807,1.3773768,0.10215,0.0768,3884697375.4705496,11.300000190734863,Small Caps,40,0.6199999918102317,9.299999877153475,-21.51,18.0,Baixo,🟢
SMFT3,SMART FIT   ON      NM,Consumer Cyclical,Consumo Cíclico,19.136843,1.9179238,0.11505,0.0809,11166404453.523132,18.18000030517578,Mid Caps,30,0.949999971530089,14.249999572951335,-27.58,18.0,Baixo,🟢
GGPS3,GPS         ON      NM,Industrials,Indústria,19.147728,3.2428792,0.18178,0.029900000000000003,12637668432.256102,16.850000381469727,Mid Caps,35,0.8799999864981227,13.199999797471841,-27.65,18.0,Médio,🟡
B3SA3,B3          ON      NM,Financial Services,Serviços Financeiros,20.337349,4.872979,0.25591,0.0347,84616117472.04796,16.8799991607666,Blue Chips,35,0.8299999749606796,12.449999624410193,-35.58,30.0,Médio,🟡
IGTI4,IGUATEMI S.APN      N1,Real Estate,Imobiliário,25.276596,0.7577497,0.13001001,0.024300000000000002,14330571068.880001,11.88,Mid Caps,40,0.4699999952525253,7.049999928787879,-68.51,18.0,Médio,🟡
