Ticker,Empresa,setor_original,Setor,PL,PVP,ROE,DivYield,MarketCap,Preco,Categoria,Score,LucroPorAcao,PrecoJusto,Desconto_%,Ranking,Risco,Farol,Preco_antigo,Variacao_%
<<<<<<< HEAD
BSLI4,BRB BANCO   PN,Financial Services,Serviços Financeiros,2.1336634,0.52586627,0.25134,0.14300000000000002,2095440457.150495,4.309999942779541,Small Caps,85,2.01999994131199,30.29999911967985,85.78,58.0,Baixo,🟢,4.300000190734863,0.23255236281672798
BSLI3,BRB BANCO   ON,Financial Services,Serviços Financeiros,2.2821784,0.5624695,0.25134,0.1266,2285162692.202674,4.610000133514404,Small Caps,85,2.0199998972536086,30.29999845880413,84.79,58.0,Baixo,🟢,4.789999961853027,-3.7578252562029144
BAZA3,AMAZONIA    ON,Financial Services,Serviços Financeiros,4.007167,0.6455561,0.15239,0.0958,4701611033.018761,83.87000274658203,Small Caps,85,20.929999360291706,313.94999040437557,73.29,52.0,Baixo,🟢,85.54000091552734,-1.952300854654506
BRSR6,BANRISUL    PNB     N1,Financial Services,Serviços Financeiros,4.143198,0.61944693,0.1567,0.0636,7099797170.338211,17.360000610351562,Small Caps,85,4.190000239030711,62.85000358546067,72.38,52.0,Baixo,🟢,18.030000686645508,-3.71602912245146
BNBR3,NORD BRASIL ON,Financial Services,Serviços Financeiros,4.266876,0.7757316,0.19412,0.0495,12040382502.5,121.99,Mid Caps,85,28.590003552950684,428.85005329426025,71.55,52.0,Baixo,🟢,119.75,1.8705636743214988
BRSR5,BANRISUL    PNA     N1,Financial Services,Serviços Financeiros,4.484487,0.67047286,0.1567,0.057300000000000004,7684630422.83,18.79,Small Caps,85,4.189999881814798,62.849998227221974,70.1,46.0,Baixo,🟢,18.790000915527344,-4.872417775382301e-06
BRSR3,BANRISUL    ON      N1,Financial Services,Serviços Financeiros,4.529833,0.6772525,0.1567,0.0567,7762335386.246342,18.979999542236328,Small Caps,85,4.189999839339845,62.84999759009767,69.8,46.0,Baixo,🟢,18.799999237060547,0.9574484706411349
JHSF3,JHSF PART   ON      NM,Real Estate,Imobiliário,4.6894736,0.94415593,0.20974001,0.0956,5958225216.832623,8.90999984741211,Small Caps,85,1.9000000015805845,28.50000002370877,68.74,58.0,Baixo,🟢,9.260000228881836,-3.779701650309676
COGN3,COGNA ON    ON      NM,Consumer Defensive,Consumo Defensivo,4.75,0.4753714,0.10893,0.0593,6066587972.8343525,3.0399999618530273,Small Caps,65,0.6399999919690584,9.599999879535876,68.33,34.0,Baixo,🟢,3.2699999809265137,-7.033639768044241
ABCB4,ABC BRASIL  PN      N2,Financial Services,Serviços Financeiros,4.9476633,0.9445138,0.15463,0.1191,6389776068.415895,26.469999313354492,Small Caps,85,5.3500001330637215,80.25000199595583,67.02,52.0,Baixo,🟢,26.959999084472656,-1.817506631149608
SUZB3,SUZANO S.A. ON      NM,Basic Materials,Materiais Básicos,4.950971,1.5097746,0.35192,0.0209,66155903977.84023,53.52000045776367,Blue Chips,60,10.8100007973716,162.150011960574,66.99,40.0,Baixo,🟢,55.81999969482422,-4.12038561382115
CMIG4,CEMIG       PN      N1,Utilities,Utilidades Públicas,5.263158,1.194862,0.1416,0.1408,37854616140.0,12.0,Mid Caps,80,2.279999954400001,34.19999931600002,64.91,40.0,Baixo,🟢,11.93000030517578,0.5867535040535704
CYRE3,CYRELA REALTON      NM,Consumer Cyclical,Consumo Cíclico,5.390873,0.95390236,0.20085,0.1429,9953644078.300047,27.170000076293945,Small Caps,85,5.040000028992326,75.60000043488489,64.06,58.0,Baixo,🟢,29.0,-6.3103445645036365
EMAE4,EMAE        PN,Utilities,Utilidades Públicas,5.46837,1.0709776,0.23438999,0.0978,3840762299.6395226,44.95000076293945,Small Caps,85,8.219999883500833,123.2999982525125,63.54,52.0,Baixo,🟢,47.13999938964844,-4.645733252151654
PETR4,PETROBRAS   PN      N2,Energy,Energia,5.537897,1.4042158,0.28176,0.1038,583859584239.9773,45.29999923706055,Blue Chips,100,8.180000320890862,122.70000481336294,63.08,58.0,Baixo,🟢,42.34000015258789,6.991022847910255
PINE3,PINE        ON      N2,Financial Services,Serviços Financeiros,5.8974357,2.0806947,0.33765998,0.036699999999999997,2824866842.5,11.5,Small Caps,45,1.9500000652826108,29.25000097923916,60.68,40.0,Baixo,🟢,11.600000381469728,-0.8620722256998601
BLAU3,BLAU        ON      NM,Healthcare,Saúde,6.052941,1.0113022,0.14319,0.0793,2376835239.878623,10.289999961853027,Small Caps,65,1.7000000432604627,25.50000064890694,59.65,34.0,Baixo,🟢,10.699999809265137,-3.8317743431835414
PINE4,PINE        PN      N2,Financial Services,Serviços Financeiros,6.0564103,2.1367831,0.33765998,0.0364,2820586876.2072153,11.8100004196167,Small Caps,45,1.9500000552500052,29.25000082875008,59.62,40.0,Baixo,🟢,11.960000038146973,-1.2541774084602235
RECV3,PETRORECSA  ON      NM,Energy,Energia,6.080189,0.82755524,0.13571,0.1499,3776483452.765932,12.890000343322754,Small Caps,65,2.1199999446271742,31.799999169407613,59.47,40.0,Baixo,🟢,12.600000381469728,2.3015869291521285
SAPR4,SANEPAR     PN      N2,Utilities,Utilidades Públicas,6.1007752,0.19263719,0.17944999,0.0291,11893187261.586254,7.869999885559082,Mid Caps,85,1.2899999799302688,19.349999698954033,59.33,46.0,Baixo,🟢,8.100000381469727,-2.8395121614662377
CEAB3,CEA MODAS   ON      NM,Consumer Cyclical,Consumo Cíclico,6.111111,0.9437817,0.16736999,0.08130000000000001,3498660615.476324,11.550000190734863,Small Caps,85,1.890000065574797,28.350000983621957,59.26,52.0,Baixo,🟢,12.140000343322754,-4.859968170531418
POMO4,MARCOPOLO   PN      N2,Industrials,Indústria,6.1122446,1.888994,0.30973,0.1945,7431142369.771156,5.989999771118164,Small Caps,60,0.9800000103265114,14.70000015489767,59.25,46.0,Baixo,🟢,6.389999866485596,-6.259782530909906
PETR3,PETROBRAS   ON      N2,Energy,Energia,6.1198044,1.551767,0.28176,0.0791,645209979715.6409,50.060001373291016,Blue Chips,75,8.18000022570836,122.70000338562541,59.2,52.0,Baixo,🟢,46.220001220703125,8.308091845890857
GMAT3,GRUPO MATEUSON      NM,Consumer Cyclical,Consumo Cíclico,6.1547623,1.1385158,0.18402,0.048600000000000004,11891246376.049707,5.170000076293945,Mid Caps,85,0.8399999584539513,12.599999376809269,58.97,46.0,Baixo,🟢,5.460000038146973,-5.311354575584366
VTRU3,VITRUEDUCA  ON      NM,Consumer Defensive,Consumo Defensivo,6.243119,0.6416482,0.18058,0.16,1819010873.8040457,13.609999656677246,Small Caps,85,2.180000037910097,32.700000568651454,58.38,52.0,Baixo,🟢,14.15999984741211,-3.884182179813947
EUCA4,EUCATEX     PN      N1,Industrials,Indústria,6.3471336,0.6549243,0.10971,0.0575,1910941423.1310654,19.93000030517578,Small Caps,65,3.140000126226393,47.1000018933959,57.69,34.0,Baixo,🟢,20.86000061035156,-4.458294716991881
CEEB3,COELBA      ON  EJ,Utilities,Utilidades Públicas,6.554633,1.5826737,0.25589,0.042199999999999994,12420733562.93,47.39,Mid Caps,60,7.2300005202427045,108.45000780364057,56.3,46.0,Baixo,🟢,47.0,0.8297872340425543
EUCA3,EUCATEX     ON      N1,Industrials,Indústria,6.5605097,0.6769413,0.10971,0.0496,1897980505.6000001,20.6,Small Caps,50,3.139999930188351,47.09999895282527,56.26,34.0,Baixo,🟢,21.5,-4.186046511627901
OFSA3,OUROFINO S/AON      NM,Healthcare,Saúde,6.5714283,1.8313091,0.28625,0.0377,1459252853.98,27.14,Small Caps,45,4.130000170586964,61.95000255880446,56.19,40.0,Baixo,🟢,26.21999931335449,3.508774640497161
LOGG3,LOG COM PROPON      NM,Real Estate,Imobiliário,6.5823097,0.6462897,0.100439996,0.1506,2341827033.8301086,26.790000915527344,Small Caps,65,4.070000066318263,61.050000994773946,56.12,40.0,Baixo,🟢,28.200000762939453,-4.9999993236352545
TRIS3,TRISUL      ON      NM,Real Estate,Imobiliário,6.5869565,0.9763171,0.14368,0.1834,1415065035.678503,6.059999942779541,Small Caps,65,0.9199999943493692,13.799999915240537,56.09,40.0,Baixo,🟢,6.900000095367432,-12.17391508663682
LAVV3,LAVVI       ON      NM,Real Estate,Imobiliário,6.6355934,1.9840364,0.26358998,0.0668,3060501938.1590843,15.65999984741211,Small Caps,60,2.359999913106808,35.399998696602125,55.76,46.0,Baixo,🟢,17.790000915527344,-11.973023937599361
VLID3,VALID       ON      NM,Industrials,Indústria,6.664474,0.9234275,0.14046,0.1625,1587872351.6385555,20.260000228881836,Small Caps,65,3.0399998902961936,45.5999983544429,55.57,40.0,Baixo,🟢,21.06999969482422,-3.8443259500443028
IGTI3,IGUATEMI S.AON      N1,Real Estate,Imobiliário,6.702128,0.20091848,0.13001001,0.031200000000000002,3799772746.939542,3.1500000953674316,Small Caps,50,0.46999999035641093,7.049999855346164,55.32,34.0,Baixo,🟢,3.259999990463257,-3.374229920785793
CMIG3,CEMIG       ON      N1,Utilities,Utilidades Públicas,6.877193,1.5612864,0.1416,0.1065,44855492798.45083,15.680000305175781,Mid Caps,55,2.280000038558723,34.200000578380845,54.15,34.0,Baixo,🟢,15.520000457763672,1.0309268214748768
ECOR3,ECORODOVIAS ON      NM,Industrials,Indústria,6.9696965,1.5209125,0.22025,0.034300000000000004,6399715146.520781,9.199999809265137,Small Caps,45,1.3200000615902194,19.80000092385329,53.54,40.0,Baixo,🟢,9.960000038146973,-7.630524357138774
SAPR3,SANEPAR     ON      N2,Utilities,Utilidades Públicas,6.976744,0.22029667,0.17944999,0.0232,13600849671.0,9.0,Mid Caps,85,1.2900000344000009,19.350000516000012,53.49,46.0,Baixo,🟢,9.510000228881836,-5.36277830291704
EZTC3,EZTEC       ON      NM,Real Estate,Imobiliário,7.0408163,0.7456638,0.10967,0.0906,3827554625.502036,13.800000190734863,Small Caps,65,1.9600000344753865,29.4000005171308,53.06,40.0,Baixo,🟢,14.9399995803833,-7.630518217318381
CLSC3,CELESC      ON      N2,Utilities,Utilidades Públicas,7.2266903,1.210515,0.19126,0.0594,5475207921.42,124.01,Small Caps,85,17.159999232290335,257.39998848435505,51.82,40.0,Baixo,🟢,124.01000213623048,-1.722627563136563e-06
BRAP3,BRADESPAR   ON      N1,Financial Services,Serviços Financeiros,7.2740736,0.846187,0.12597,0.1632,8161555056.203644,19.639999389648438,Small Caps,65,2.700000092059618,40.50000138089427,51.51,40.0,Baixo,🟢,20.07999992370605,-2.191237727736033
SHUL4,SCHULZ      PN,Consumer Cyclical,Consumo Cíclico,7.3013697,1.2252873,0.17659001,0.0795,1900433960.067072,5.329999923706055,Small Caps,85,0.730000005849047,10.950000087735706,51.32,46.0,Baixo,🟢,5.349999904632568,-0.3738314258509739
MDNE3,MOURA DUBEUXON      NM,Real Estate,Imobiliário,7.4519234,1.4477862,0.27528998,0.1593,3217428372.0,31.0,Small Caps,85,4.159999819643879,62.399997294658185,50.32,52.0,Baixo,🟢,33.20000076293945,-6.6265081698289405
BBSE3,BBSEGURIDADEON      NM,Financial Services,Serviços Financeiros,7.580645,6.590017,0.89815,0.1487,68427825542.25,35.25,Blue Chips,75,4.6500000989361725,69.75000148404258,49.46,48.0,Baixo,🟢,34.849998474121094,1.1477806123174994
TGMA3,TEGMA       ON      NM,Industrials,Indústria,7.5837326,2.396432,0.27091998,0.1409,2090227422.7065277,31.700000762939453,Small Caps,60,4.1799998015409265,62.699997023113895,49.44,42.0,Baixo,🟢,36.84999847412109,-13.975571029666012
SMTO3,SAO MARTINHOON      NM,Basic Materials,Materiais Básicos,7.5862074,0.9409249,0.11124,0.0533,5680810044.728239,17.600000381469727,Small Caps,65,2.319999896321016,34.799998444815245,49.43,30.0,Baixo,🟢,18.459999084472656,-4.658714765193593
ISAE4,ISA ENERGIA PN      N1,Utilities,Utilidades Públicas,7.5902963,0.8772039,0.12099,0.0953,18554153740.102386,28.15999984741211,Mid Caps,80,3.7100000756771654,55.65000113515748,49.4,42.0,Baixo,🟢,28.770000457763672,-2.1202662518100586
EVEN3,EVEN        ON      NM,Real Estate,Imobiliário,7.6382976,0.71131366,0.104119994,0.10949999999999999,1405965818.1657891,7.179999828338623,Small Caps,65,0.9400000110415472,14.100000165623207,49.08,36.0,Baixo,🟢,7.710000038146973,-6.874192051699786
WIZC3,WIZ CO      ON      NM,Financial Services,Serviços Financeiros,7.705882,2.1012833,0.27255,0.06309999999999999,1466349797.3099575,9.170000076293945,Small Caps,60,1.1900000644045607,17.85000096606841,48.63,42.0,Baixo,🟢,9.6899995803833,-5.366352183771572
BPAC5,BTGP BANCO  PNA     N2,Financial Services,Serviços Financeiros,7.7571425,0.74695647,0.23868,0.0433,125841925694.45448,10.859999656677246,Blue Chips,85,1.4000000201978045,21.000000302967067,48.29,54.0,Baixo,🟢,11.380000114440918,-4.569424011725669
ENGI4,ENERGISA    PN      N2,Utilities,Utilidades Públicas,7.7862597,0.9463722,0.14495,0.06570000000000001,30484995368.34593,10.199999809265137,Mid Caps,80,1.3099999489183667,19.6499992337755,48.09,42.0,Baixo,🟢,10.399999618530272,-1.9230751596258127
NEOE3,NEOENERGIA  ON      NM,Utilities,Utilidades Públicas,7.990339,1.1015285,0.14588,0.044199999999999996,40152415186.36914,33.08000183105469,Mid Caps,65,4.139999796135644,62.099996942034664,46.73,30.0,Baixo,🟢,32.939998626708984,0.42502492465856784
BGIP3,BANESE      ON,Financial Services,Serviços Financeiros,8.020618,1.4271957,0.15865,0.0817,1351130318.0800002,62.24,Small Caps,85,7.7600005386118625,116.40000807917794,46.53,42.0,Baixo,🟢,62.2400016784668,-2.696765343221673e-06
VIVA3,VIVARA S.A. ON      NM,Consumer Cyclical,Consumo Cíclico,8.133333,2.0514052,0.28418,0.054299999999999994,6020189300.016449,25.610000610351562,Small Caps,60,3.1487706958944828,47.23156043841724,45.78,36.0,Baixo,🟢,29.670000076293945,-13.683853911366468
LEVE3,METAL LEVE  ON      NM,Consumer Cyclical,Consumo Cíclico,8.157773,5.4343123,0.58611,0.0356,4765551219.31839,35.15999984741211,Small Caps,45,4.309999781485965,64.64999672228947,45.61,36.0,Baixo,🟢,35.689998626708984,-1.485006443514528
SBFG3,GRUPO SBF   ON      NM,Consumer Cyclical,Consumo Cíclico,8.314286,0.82162774,0.10802,0.048499999999999995,2673980024.1892576,11.640000343322754,Small Caps,50,1.3999999931831495,20.99999989774724,44.57,30.0,Baixo,🟢,12.3100004196167,-5.4427299224641885
BRAP4,BRADESPAR   PN      N1,Financial Services,Serviços Financeiros,8.381481,0.97501075,0.12597,0.1578,8895775954.400196,22.6299991607666,Small Caps,65,2.7000000549743652,40.500000824615476,44.12,36.0,Baixo,🟢,23.06999969482422,-1.9072411784917875
EKTR4,ELEKTRO     PN  EJ,Utilities,Utilidades Públicas,8.404256,3.7497625,0.47262,0.10679999999999999,7653490967.5,39.5,Small Caps,60,4.699999619240537,70.49999428860805,43.97,42.0,Baixo,🟢,39.5,0.0
CLSC4,CELESC      PN      N2,Utilities,Utilidades Públicas,8.411078,1.4080864,0.19126,0.055999999999999994,5563952001.75,144.25,Small Caps,85,17.150001462357142,257.25002193535715,43.93,36.0,Baixo,🟢,147.75,-2.3688663282571913
TAEE3,TAESA       ON      N2,Utilities,Utilidades Públicas,8.461078,0.6366872,0.23587999,0.07769999999999999,14649729792.780285,14.130000114440918,Mid Caps,100,1.6699999827966268,25.049999741949403,43.59,60.0,Baixo,🟢,14.270000457763672,-0.9810815615397261
EQPA3,EQTL PARA   ON,Utilities,Utilidades Públicas,8.546666,2.7905965,0.3318,0.10279999999999999,14164139283.56,6.41,Mid Caps,75,0.7500000585023446,11.25000087753517,43.02,48.0,Baixo,🟢,6.389999866485596,0.31299114135043343
TAEE4,TAESA       PN      N2,Utilities,Utilidades Públicas,8.622754,0.6488532,0.23587999,0.076,14882352388.152288,14.399999618530273,Mid Caps,100,1.6700000508573332,25.050000762859998,42.51,60.0,Baixo,🟢,14.5600004196167,-1.0989065691980104
TTEN3,3TENTOS     ON      NM,Basic Materials,Materiais Básicos,8.645349,1.6344252,0.18494,0.0252,7427274189.728999,14.869999885559082,Small Caps,45,1.7199999543753621,25.799999315630433,42.36,24.0,Baixo,🟢,15.84000015258789,-6.123739000534877
TEND3,TENDA       ON      NM,Real Estate,Imobiliário,8.650146,3.0437012,0.44834998,0.0425,3595466863.565445,29.670000076293945,Small Caps,45,3.4299999186480723,51.449998779721085,42.33,36.0,Baixo,🟢,30.670000076293945,-3.2605151532847225
KEPL3,KEPLER WEBERON      NM,Industrials,Indústria,8.666667,1.7461383,0.20629999,0.0701,1351988463.0604267,7.800000190734863,Small Caps,60,0.8999999873924847,13.49999981088727,42.22,42.0,Baixo,🟢,8.369999885559082,-6.8100322893390945
BEES3,BANESTES    ON,Financial Services,Serviços Financeiros,8.704082,1.2232897,0.14352,0.04019999999999999,2964210272.586382,8.529999732971191,Small Caps,50,0.9799999279615234,14.69999891942285,41.97,24.0,Baixo,🟢,8.630000114440918,-1.1587529564732217
ISAE3,ISA ENERGIA ON  ED  N1,Utilities,Utilidades Públicas,8.77957,1.017382,0.12099,0.0803,21519128608.102386,32.65999984741211,Mid Caps,80,3.7199999370598005,55.799999055897004,41.47,36.0,Baixo,🟢,32.0099983215332,2.03062030603622
AZZA3,AZZAS 2154  ON      NM,Consumer Cyclical,Consumo Cíclico,8.821539,0.72496015,0.11609,0.09,5790561596.2393055,28.670000076293945,Small Caps,65,3.249999810270515,48.74999715405772,41.19,36.0,Baixo,🟢,27.520000457763672,4.178777614103734
ALUP4,ALUPAR      PN      N2,Utilities,Utilidades Públicas,8.879032,0.4032524,0.14232999,0.0233,10887575643.346807,11.010000228881836,Mid Caps,65,1.2400000618177562,18.600000927266343,40.81,30.0,Baixo,🟢,10.989999771118164,0.18198779053875225
CSED3,CRUZEIRO EDUON      NM,Consumer Defensive,Consumo Defensivo,8.942029,1.3581333,0.16102,0.0458,2249227579.8223896,6.170000076293945,Small Caps,70,0.6900000074137476,10.350000111206214,40.39,36.0,Baixo,🟢,6.559999942779541,-5.945119967796046
BEES4,BANESTES    PN,Financial Services,Serviços Financeiros,8.94898,1.2577083,0.14352,0.0394,3060705033.70821,8.770000457763672,Small Caps,50,0.9800000064547771,14.700000096821658,40.34,24.0,Baixo,🟢,8.800000190734863,-0.34090604910187183
VAMO3,VAMOS       ON  ES  NM,Industrials,Indústria,9.230769,1.458671,0.10601,0.0397,3853592523.514658,3.5999999046325684,Small Caps,50,0.3899999994185282,5.849999991277923,38.46,24.0,Baixo,🟢,4.079999923706055,-11.76470656983444
WHRL3,WHIRLPOOL   ON,Consumer Cyclical,Consumo Cíclico,9.255319,3.0504909,0.30252,0.1101,6605255812.2,4.35,Small Caps,60,0.47000000756321847,7.050000113448277,38.3,42.0,Baixo,🟢,4.349999904632568,2.1923547902562318e-06
DIRR3,DIRECIONAL  ON      NM,Real Estate,Imobiliário,9.28,3.7692933,0.43120998,0.1954,7219770513.810745,13.920000076293945,Small Caps,60,1.5000000082213305,22.500000123319957,38.13,42.0,Baixo,🟢,13.510000228881836,3.0347878642933472
SANB3,SANTANDER BRON,Financial Services,Serviços Financeiros,9.306748,0.4527277,0.10524,0.0564,115445297435.48495,15.170000076293945,Blue Chips,80,1.6300000898588791,24.450001347883187,37.96,36.0,Baixo,🟢,15.960000038146973,-4.949874435869675
ENGI3,ENERGISA    ON      N2,Utilities,Utilidades Públicas,9.396947,1.1421415,0.14495,0.053200000000000004,30954662464.59595,12.3100004196167,Mid Caps,80,1.3099999839965788,19.64999975994868,37.35,30.0,Baixo,🟢,12.779999732971191,-3.6776159872831484
PLPL3,PLANOEPLANO ON      NM,Real Estate,Imobiliário,9.467949,3.0285013,0.38394,0.1103,2996977543.484726,14.770000457763672,Small Caps,60,1.56000000187619,23.40000002814285,36.88,42.0,Baixo,🟢,14.449999809265137,2.214537389082561
PSSA3,PORTO SEGUROON      NM,Financial Services,Serviços Financeiros,9.516315,2.016923,0.22815001,0.0495,31738346145.938873,49.58000183105469,Mid Caps,60,5.21000007156706,78.15000107350589,36.56,42.0,Baixo,🟢,50.470001220703125,-1.763422564141635
SANB4,SANTANDER BRPN,Financial Services,Serviços Financeiros,9.552147,0.46466514,0.10524,0.060599999999999994,118489336638.06018,15.569999694824219,Blue Chips,80,1.6300000088801208,24.45000013320181,36.32,42.0,Baixo,🟢,16.420000076293945,-5.176616184654579
UNIP3,UNIPAR      ON,Basic Materials,Materiais Básicos,9.590014,2.8643079,0.29680002,0.1461,7075728210.5412445,63.38999938964844,Small Caps,60,6.610000714248012,99.15001071372018,36.07,42.0,Baixo,🟢,65.77999877929688,-3.6333223380974715
WHRL4,WHIRLPOOL   PN,Consumer Cyclical,Consumo Cíclico,9.617022,3.1697054,0.30252,0.1124,6792592718.456632,4.519999980926514,Small Caps,60,0.4699999626627155,7.049999439940732,35.89,42.0,Baixo,🟢,4.599999904632568,-1.7391288122742863
INTB3,INTELBRAS   ON      NM,Technology,Tecnologia,9.8581085,1.5962801,0.16176,0.10039999999999999,4774867307.337418,14.59000015258789,Small Caps,60,1.4799999566435986,22.19999934965398,34.28,36.0,Baixo,🟢,13.970000267028809,4.438080699413945
UNIP6,UNIPAR      PNB,Basic Materials,Materiais Básicos,10.113464,3.0206497,0.29680002,0.1537,7461940757.728111,66.8499984741211,Small Caps,35,6.6100001418031535,99.1500021270473,32.58,42.0,Baixo,🟢,68.5199966430664,-2.4372420472298737
CPFE3,CPFL ENERGIAON      NM,Utilities,Utilidades Públicas,10.239495,2.4971821,0.25354,0.057999999999999996,56160883339.62082,48.7400016784668,Blue Chips,50,4.760000535032909,71.40000802549363,31.74,42.0,Baixo,🟢,49.869998931884766,-2.2658858584725103
ALUP3,ALUPAR      ON      N2,Utilities,Utilidades Públicas,10.241935,0.46515036,0.14232999,0.0203,12558783444.085995,12.699999809265137,Mid Caps,40,1.2400000399597475,18.600000599396214,31.72,30.0,Baixo,🟢,12.960000038146973,-2.0061745996646687
REDE3,REDE ENERGIAON,Utilities,Utilidades Públicas,10.369231,3.4178498,0.30802,0.0932,17309695983.0447,6.739999771118164,Mid Caps,50,0.6499999634609515,9.749999451914272,30.87,48.0,Baixo,🟢,6.289999961853027,7.1542100476033585
EKTR3,ELEKTRO     ON  EJ,Utilities,Utilidades Públicas,10.374468,4.6288204,0.47262,0.0787,9447701761.4,48.76,Small Caps,35,4.700000038556194,70.5000005783429,30.84,42.0,Baixo,🟢,48.7599983215332,3.4423028151423094e-06
UNIP5,UNIPAR      PNA,Basic Materials,Materiais Básicos,10.435704,3.116895,0.29680002,0.1475,7699696113.940001,68.98,Small Caps,35,6.609999670362441,99.14999505543662,30.43,42.0,Baixo,🟢,67.51000213623047,2.177451958604863
MOTV3,MOTIVA SA   ON      NM,Industrials,Indústria,10.5103445,1.9404125,0.20778,0.0219,30639831554.43589,15.239999771118164,Mid Caps,35,1.4500000234167552,21.750000351251327,29.93,32.0,Baixo,🟢,16.200000762939453,-5.92593176919764
BMEB3,MERCANTIL   ON  ED  N1,Financial Services,Serviços Financeiros,10.814418,3.2118618,0.30315,0.023799999999999998,9108659761.163635,70.51000213623047,Small Caps,20,6.519999701900784,97.79999552851176,27.9,26.0,Médio,🟡,73.63999938964844,-4.250403692776174
LREN3,LOJAS RENNERON      NM,Consumer Cyclical,Consumo Cíclico,10.847221,1.4672177,0.13732,0.0605,15341952266.316216,15.619999885559082,Mid Caps,55,1.4400001517032872,21.600002275549308,27.69,32.0,Baixo,🟢,15.470000267028809,0.9696161340731676
CMIN3,CSNMINERACAOON      N2,Basic Materials,Materiais Básicos,10.866667,2.6304464,0.25948998,0.1047,26562697065.56381,4.889999866485596,Mid Caps,50,0.4499999739097182,6.749999608645773,27.56,44.0,Baixo,🟢,5.269999980926514,-7.210628383609794
FIQE3,UNIFIQUE    ON      NM,Communication Services,Comunicação,10.98,1.6819853,0.16124001,0.15839999999999999,2136853642.9631138,5.489999771118164,Small Caps,35,0.4999999791546597,7.499999687319896,26.8,32.0,Baixo,🟢,5.510000228881836,-0.36298469932605865
UGPA3,ULTRAPAR    ON      NM,Energy,Energia,11.238298,1.8016235,0.16381,0.067,28225989361.679947,26.40999984741211,Mid Caps,50,2.349999959728075,35.24999939592113,25.08,38.0,Baixo,🟢,27.229999542236328,-3.011383432277775
MILS3,MILLS       ON      NM,Industrials,Indústria,11.344,1.9146638,0.18961,0.0538,3214720615.225815,14.180000305175781,Small Caps,35,1.2500000269019553,18.75000040352933,24.37,26.0,Baixo,🟢,15.119999885559082,-6.2169284887434575
CEBR5,CEB         PNA,Utilities,Utilidades Públicas,11.772357,2.0982466,0.18868,0.15380000000000002,2230916240.3528976,28.959999084472656,Small Caps,35,2.4600000734324197,36.900001101486296,21.52,32.0,Baixo,🟢,30.06999969482422,-3.6913888314492422
ENMT3,ENERGISA MT ON,Utilities,Utilidades Públicas,11.850711,2.761305,0.25207,0.1058,10949286001.903225,50.0099983215332,Mid Caps,50,4.219999822924819,63.29999734387228,21.0,44.0,Baixo,🟢,50.0,0.01999664306640625
CURY3,CURY S/A    ON      NM,Real Estate,Imobiliário,12.416107,7.796039,0.6767,0.1336,11436671584.0,37.0,Mid Caps,50,2.980000091816219,44.70000137724328,17.23,44.0,Baixo,🟢,36.77999877929688,0.598154507897794
ODPV3,ODONTOPREV  ON      NM,Healthcare,Saúde,12.439252,5.623152,0.447,0.0759,7271543184.414619,13.34000015258789,Small Caps,35,1.0724117617834168,16.08617642675125,17.07,38.0,Baixo,🟢,13.960000038146973,-4.441259913072177
CEBR6,CEB         PNB,Utilities,Utilidades Públicas,12.609756,2.2475004,0.18868,0.1589,2235981036.296482,31.020000457763672,Small Caps,35,2.460000055335224,36.90000083002836,15.93,32.0,Baixo,🟢,31.200000762939453,-0.5769240409429491
BMEB4,MERCANTIL   PN  ED  N1,Financial Services,Serviços Financeiros,12.699387,3.7716944,0.30315,0.0231,10215874809.326263,82.80000305175781,Mid Caps,35,6.519999985177066,97.79999977765598,15.34,32.0,Médio,🟡,87.25,-5.100283035234599
CEBR3,CEB         ON,Utilities,Utilidades Públicas,12.715447,2.2663383,0.18868,0.1436,2328685351.198328,31.280000686645508,Small Caps,35,2.4600000838858054,36.900001258287084,15.23,32.0,Baixo,🟢,31.520000457763672,-0.7614205825909177
CXSE3,CAIXA SEGURION      NM,Financial Services,Serviços Financeiros,12.916084,4.088997,0.32463002,0.0723,55409997940.06348,18.469999313354492,Blue Chips,50,1.429999937547208,21.44999906320812,13.89,40.0,Baixo,🟢,18.06999969482422,2.2136116507231884
BMOB3,BEMOBI TECH ON      NM,Communication Services,Comunicação,13.170455,1.7218839,0.13066,0.1,1956019986.7519379,23.18000030517578,Small Caps,15,1.7599999624292235,26.399999436438353,12.2,16.0,Baixo,🟢,24.540000915527344,-5.541974570551222
MULT3,MULTIPLAN   ON      N2,Real Estate,Imobiliário,13.373914,2.3894973,0.19108,0.040999999999999995,15069078770.367386,30.760000228881836,Mid Caps,35,2.2999998526147123,34.499997789220686,10.84,28.0,Baixo,🟢,33.130001068115234,-7.153639489357939
ALPA3,ALPARGATAS  ON      N1,Consumer Cyclical,Consumo Cíclico,13.936708,1.8177315,0.15432,0.0446,7463576993.366873,11.010000228881836,Small Caps,20,0.7900000652149587,11.850000978224381,7.09,22.0,Baixo,🟢,11.020000457763672,-0.09074617483151466
FLRY3,FLEURY      ON      NM,Healthcare,Saúde,14.017857,1.7107987,0.113970004,0.12279999999999999,8556742790.746549,15.699999809265137,Small Caps,15,1.1199999978074493,16.799999967111738,6.55,16.0,Baixo,🟢,16.350000381469727,-3.975538575162775
EGIE3,ENGIE BRASILON      NM,Utilities,Utilidades Públicas,14.172565,2.8680155,0.2182,0.0495,36590151953.07376,32.029998779296875,Mid Caps,35,2.260000132601041,33.900001989015614,5.52,34.0,Baixo,🟢,33.060001373291016,-3.1155552063173046
SBSP3,SABESP      ON      NM,Utilities,Utilidades Públicas,14.330731,2.4204125,0.17889999,0.0432,102855232673.54997,146.88999938964844,Blue Chips,35,10.250000463315406,153.75000694973107,4.46,24.0,Baixo,🟢,149.4199981689453,-1.6932129636598383
ALPA4,ALPARGATAS  PN      N1,Consumer Cyclical,Consumo Cíclico,14.645569,1.9101864,0.15432,0.0565,7843195435.09417,11.569999694824219,Small Caps,35,0.7900000126198046,11.850000189297068,2.36,18.0,Baixo,🟢,11.460000038146973,0.9598573849135215
TIMS3,TIM         ON      NM,Communication Services,Comunicação,14.921787,2.6608884,0.17117001,0.10460000000000001,63801328693.728836,26.709999084472656,Blue Chips,50,1.7900000237553757,26.850000356330636,0.52,30.0,Baixo,🟢,27.26000022888184,-2.0176123983537595
ABEV3,AMBEV S/A   ON,Consumer Defensive,Consumo Defensivo,15.444445,2.7158082,0.16976999,0.1591,238780385640.96756,15.289999961853027,Blue Chips,50,0.9899999619185427,14.84999942877814,-2.96,30.0,Baixo,🟢,15.649999618530272,-2.300317351132643
EQTL3,EQUATORIAL  ON      NM,Utilities,Utilidades Públicas,15.795367,1.7980046,0.1313,0.0593,51478672066.70262,40.90999984741211,Blue Chips,30,2.589999956785563,38.849999351783445,-5.3,12.0,Baixo,🟢,42.290000915527344,-3.2631852405766875
SLCE3,SLC AGRICOLAON      NM,Consumer Defensive,Consumo Defensivo,15.922414,1.7409745,0.11582,0.0717,9176753036.242638,18.469999313354492,Small Caps,15,1.1599999418024485,17.39999912703673,-6.15,12.0,Baixo,🟢,17.06999969482422,8.201521051899995
CPLE3,COPEL       ON      NM,Utilities,Utilidades Públicas,16.077778,1.8579867,0.10955,0.0868,42976929060.234535,14.470000267028809,Mid Caps,30,0.9000000041690345,13.500000062535516,-7.19,18.0,Baixo,🟢,15.119999885559082,-4.298939308531872
FRAS3,"FRAS,LE     ON      N1",Consumer Cyclical,Consumo Cíclico,16.136362,2.401353,0.11966,0.0348,5907237226.710117,21.299999237060547,Small Caps,0,1.320000086578409,19.800001298676133,-7.58,6.0,Médio,🟡,24.690000534057617,-13.730260120168369
KLBN4,KLABIN S/A  PN      N2,Basic Materials,Materiais Básicos,16.913044,0.60525906,0.14569001,0.08539999999999999,23865895255.737194,3.890000104904175,Mid Caps,55,0.2299999991074448,3.4499999866116724,-12.75,30.0,Baixo,🟢,3.9800000190734863,-2.261304365276431
KLBN3,KLABIN S/A  ON      N2,Basic Materials,Materiais Básicos,17.0,0.60837096,0.14569001,0.0852,23988598967.057705,3.9100000858306885,Mid Caps,55,0.23000000504886403,3.4500000757329605,-13.33,30.0,Baixo,🟢,4.0,-2.249997854232788
GGPS3,GPS         ON      NM,Industrials,Indústria,17.05,2.1070192,0.18595,0.0316,12787669569.737797,17.049999237060547,Mid Caps,35,0.9999999552528179,14.999999328792269,-13.67,24.0,Baixo,🟢,18.31999969482422,-6.932317024669348
RDOR3,REDE D OR   ON      NM,Healthcare,Saúde,17.619717,4.2788734,0.20047002,0.0913,82803214491.28738,37.529998779296875,Blue Chips,50,2.130000089064817,31.950001335972257,-17.46,36.0,Baixo,🟢,39.52999877929688,-5.059448676349241
MOVI3,MOVIDA      ON  ES  NM,Industrials,Indústria,19.14516,1.4468551,0.10215,0.0809,4080651040.53767,11.869999885559082,Small Caps,40,0.6200000358084802,9.300000537127202,-27.63,18.0,Baixo,🟢,12.93000030517578,-8.197992224272319
SMFT3,SMART FIT   ON      NM,Consumer Cyclical,Consumo Cíclico,19.768421,1.9812217,0.11505,0.0814,11534932881.427048,18.780000686645508,Mid Caps,30,0.9500000372637505,14.250000558956257,-31.79,18.0,Baixo,🟢,19.07999992370605,-1.5723230516778337
B3SA3,B3          ON      NM,Financial Services,Serviços Financeiros,20.903616,5.008661,0.25591,0.0352,86972141197.18275,17.350000381469727,Blue Chips,35,0.8299999570155578,12.449999355233368,-39.36,30.0,Médio,🟡,18.459999084472656,-6.012994355652964
IGTI4,IGUATEMI S.APN      N1,Real Estate,Imobiliário,25.276596,0.7577497,0.13001001,0.024300000000000002,14330571068.880001,11.88,Mid Caps,40,0.4699999952525253,7.049999928787879,-68.51,18.0,Médio,🟡,11.899999618530272,-0.16806402665028794
=======
BSLI4,BRB BANCO   PN,Financial Services,Serviços Financeiros,2.2178218,0.5466081,0.25134,0.14300000000000002,2178091279.0331683,4.480000019073486,Small Caps,85,2.019999992367956,30.29999988551934,85.21,58.0,Baixo,🟢,4.300000190734863,4.186042333822812
BSLI3,BRB BANCO   ON,Financial Services,Serviços Financeiros,2.2772276,0.5612494,0.25134,0.1266,2280205609.9266615,4.599999904632568,Small Caps,85,2.02000006702561,30.30000100538415,84.82,58.0,Baixo,🟢,4.789999961853027,-3.9665983034153687
BAZA3,AMAZONIA    ON,Financial Services,Serviços Financeiros,3.997611,0.6440166,0.15239,0.0958,4690399113.40416,83.66999816894531,Small Caps,85,20.929999984727207,313.9499997709081,73.35,52.0,Baixo,🟢,85.54000091552734,-2.1861149480565247
BRSR6,BANRISUL    PNB     N1,Financial Services,Serviços Financeiros,4.038186,0.60374665,0.1567,0.0636,6919848182.042276,16.920000076293945,Small Caps,85,4.190000182332846,62.85000273499269,73.08,52.0,Baixo,🟢,18.030000686645508,-6.156409140759044
BNBR3,NORD BRASIL ON,Financial Services,Serviços Financeiros,4.266876,0.7757316,0.19412,0.0495,12040382291.654587,121.98999786376953,Mid Caps,85,28.590003052296233,428.85004578444347,71.55,52.0,Baixo,🟢,119.75,1.87056189041297
JHSF3,JHSF PART   ON      NM,Real Estate,Imobiliário,4.526316,0.91130656,0.20974001,0.0956,5750924805.293444,8.600000381469727,Small Caps,85,1.8999999959061027,28.49999993859154,69.82,58.0,Baixo,🟢,9.260000228881836,-7.12742798162766
BRSR3,BANRISUL    ON      N1,Financial Services,Serviços Financeiros,4.529833,0.6772525,0.1567,0.0567,7762335386.246342,18.979999542236328,Small Caps,85,4.189999839339845,62.84999759009767,69.8,46.0,Baixo,🟢,18.799999237060547,0.9574484706411349
COGN3,COGNA ON    ON      NM,Consumer Defensive,Consumo Defensivo,4.609375,0.4612979,0.10893,0.0593,5886985208.45706,2.950000047683716,Small Caps,65,0.6400000103449417,9.600000155174126,69.27,34.0,Baixo,🟢,3.2699999809265137,-9.785930737287952
ABCB4,ABC BRASIL  PN      N2,Financial Services,Serviços Financeiros,4.8093457,0.9181088,0.15463,0.1191,6211142409.527264,25.729999542236328,Small Caps,85,5.350000009821779,80.25000014732667,67.94,52.0,Baixo,🟢,26.959999084472656,-4.5623129970532315
SUZB3,SUZANO S.A. ON      NM,Basic Materials,Materiais Básicos,4.9398704,1.5063895,0.35192,0.0209,66007573676.13411,53.400001525878906,Blue Chips,60,10.810000506466507,162.1500075969976,67.07,40.0,Baixo,🟢,55.81999969482422,-4.335360412353605
CMIG4,CEMIG       PN      N1,Utilities,Utilidades Públicas,5.1403513,1.1669819,0.1416,0.1408,36971342605.75609,11.720000267028809,Mid Caps,80,2.279999864411759,34.19999796617639,65.73,40.0,Baixo,🟢,11.93000030517578,-1.7602685060776007
CYRE3,CYRELA REALTON      NM,Consumer Cyclical,Consumo Cíclico,5.2738094,0.9331882,0.20085,0.1429,9737499377.949953,26.579999923706055,Small Caps,85,5.040000103853972,75.60000155780958,64.84,58.0,Baixo,🟢,29.0,-8.344827849289468
EMAE4,EMAE        PN,Utilities,Utilidades Públicas,5.4136252,1.0602559,0.23438999,0.0978,3802311889.5,44.5,Small Caps,85,8.220000158119554,123.30000237179331,63.91,52.0,Baixo,🟢,47.13999938964844,-5.6003381922575075
PETR4,PETROBRAS   PN      N2,Energy,Energia,5.46088,1.384687,0.28176,0.1038,575739668833.8955,44.66999816894531,Blue Chips,100,8.17999995768911,122.69999936533667,63.59,58.0,Baixo,🟢,42.34000015258789,5.503065677752503
BLAU3,BLAU        ON      NM,Healthcare,Saúde,5.8470583,0.9769041,0.14319,0.0793,2295990415.414853,9.9399995803833,Small Caps,65,1.7000000804478554,25.500001206717833,61.02,40.0,Baixo,🟢,10.699999809265137,-7.1028060040127405
CEAB3,CEA MODAS   ON      NM,Consumer Cyclical,Consumo Cíclico,5.883598,0.9086452,0.16736999,0.08130000000000001,3368407359.4142056,11.119999885559082,Small Caps,85,1.8899999431570753,28.34999914735613,60.78,52.0,Baixo,🟢,12.140000343322754,-8.40198046884482
PINE3,PINE        ON      N2,Financial Services,Serviços Financeiros,5.8974357,2.0806947,0.33765998,0.036699999999999997,2824866842.5,11.5,Small Caps,45,1.9500000652826108,29.25000097923916,60.68,40.0,Baixo,🟢,11.600000381469728,-0.8620722256998601
PINE4,PINE        PN      N2,Financial Services,Serviços Financeiros,5.933333,2.09336,0.33765998,0.0364,2763267412.1447525,11.569999694824219,Small Caps,45,1.9500000581164445,29.250000871746668,60.44,40.0,Baixo,🟢,11.960000038146973,-3.260872425408276
SAPR4,SANEPAR     PN      N2,Utilities,Utilidades Públicas,5.992248,0.18921036,0.17944999,0.0291,11681618690.693958,7.730000019073486,Mid Caps,85,1.2900000165336092,19.350000248004136,60.05,46.0,Baixo,🟢,8.100000381469727,-4.5679054934699215
POMO4,MARCOPOLO   PN      N2,Industrials,Indústria,6.010204,1.8574581,0.30973,0.1945,7307083345.2831745,5.889999866485596,Small Caps,60,0.9799999910960753,14.699999866441129,59.93,46.0,Baixo,🟢,6.389999866485596,-7.824726298077257
PETR3,PETROBRAS   ON      N2,Energy,Energia,6.0366745,1.5306883,0.28176,0.0791,636445637504.8318,49.380001068115234,Blue Chips,75,8.180000605981858,122.70000908972787,59.76,52.0,Baixo,🟢,46.220001220703125,6.836866646374437
VTRU3,VITRUEDUCA  ON      NM,Consumer Defensive,Consumo Defensivo,6.0550456,0.62231857,0.18058,0.16,1764213357.3078032,13.199999809265137,Small Caps,85,2.1800000662695482,32.70000099404322,59.63,52.0,Baixo,🟢,14.15999984741211,-6.779661359406179
RECV3,PETRORECSA  ON      NM,Energy,Energia,6.0566044,0.8243452,0.13571,0.1499,3761834508.7848587,12.84000015258789,Small Caps,65,2.119999805928862,31.799997088932926,59.62,40.0,Baixo,🟢,12.600000381469728,1.9047600305720587
GMAT3,GRUPO MATEUSON      NM,Consumer Cyclical,Consumo Cíclico,6.1071434,1.1297072,0.18402,0.048600000000000004,11799244558.949562,5.130000114440918,Mid Caps,85,0.839999944072202,12.59999916108303,59.29,46.0,Baixo,🟢,5.460000038146973,-6.043954604404194
EUCA4,EUCATEX     PN      N1,Industrials,Indústria,6.2356687,0.64342284,0.10971,0.0575,1877382455.9047337,19.579999923706055,Small Caps,65,3.140000032988612,47.10000049482918,58.43,34.0,Baixo,🟢,20.86000061035156,-6.13614884560606
TRIS3,TRISUL      ON      NM,Real Estate,Imobiliário,6.445652,0.955373,0.14368,0.1834,1384708828.035509,5.929999828338623,Small Caps,65,0.919999998190815,13.799999972862226,57.03,40.0,Baixo,🟢,6.900000095367432,-14.05797469017506
LOGG3,LOG COM PROPON      NM,Real Estate,Imobiliário,6.4668303,0.6349513,0.100439996,0.1506,2300742243.723297,26.31999969482422,Small Caps,65,4.070000057806406,61.050000867096095,56.89,40.0,Baixo,🟢,28.200000762939453,-6.666670273945307
LAVV3,LAVVI       ON      NM,Real Estate,Imobiliário,6.4872885,1.9396935,0.26358998,0.0668,2992100026.437518,15.3100004196167,Small Caps,60,2.3599999321159677,35.399998981739515,56.75,46.0,Baixo,🟢,17.790000915527344,-13.940418034189465
CEEB3,COELBA      ON  EJ,Utilities,Utilidades Públicas,6.554633,1.5826737,0.25589,0.042199999999999994,12420733402.959244,47.38999938964844,Mid Caps,60,7.230000427125125,108.45000640687688,56.3,46.0,Baixo,🟢,47.0,0.8297859354222075
EUCA3,EUCATEX     ON      N1,Industrials,Indústria,6.5605097,0.6769413,0.10971,0.0496,1897980540.746704,20.600000381469727,Small Caps,50,3.139999988334706,47.09999982502059,56.26,34.0,Baixo,🟢,21.5,-4.18604473735011
VLID3,VALID       ON      NM,Industrials,Indústria,6.5625005,0.9092981,0.14046,0.1625,1563576222.545185,19.950000762939453,Small Caps,65,3.039999884638402,45.59999826957603,56.25,40.0,Baixo,🟢,21.06999969482422,-5.3156096255658225
OFSA3,OUROFINO S/AON      NM,Healthcare,Saúde,6.5714283,1.8313091,0.28625,0.0377,1459252821.162857,27.139999389648438,Small Caps,45,4.130000077707374,61.95000116561061,56.19,40.0,Baixo,🟢,26.21999931335449,3.5087723126879347
IGTI3,IGUATEMI S.AON      N1,Real Estate,Imobiliário,6.574468,0.19709146,0.13001001,0.031200000000000002,3727395906.8044124,3.0899999141693115,Small Caps,50,0.46999999302898904,7.049999895434835,56.17,34.0,Baixo,🟢,3.259999990463257,-5.214726281940503
CMIG3,CEMIG       ON      N1,Utilities,Utilidades Públicas,6.798246,1.5433635,0.1416,0.1065,44340569186.5,15.5,Mid Caps,55,2.279999870554846,34.19999805832269,54.68,34.0,Baixo,🟢,15.520000457763672,-0.12886892508863887
ECOR3,ECORODOVIAS ON      NM,Industrials,Indústria,6.8181815,1.4878492,0.22025,0.034300000000000004,6260591034.0,9.0,Small Caps,70,1.320000061600003,19.800000924000045,54.55,46.0,Baixo,🟢,9.960000038146973,-9.638554562953372
SAPR3,SANEPAR     ON      N2,Utilities,Utilidades Públicas,6.844961,0.2161355,0.17944999,0.0232,13343944617.474169,8.829999923706055,Mid Caps,85,1.2900000341427884,19.350000512141825,54.37,46.0,Baixo,🟢,9.510000228881836,-7.150371070556054
EZTC3,EZTEC       ON      NM,Real Estate,Imobiliário,6.8775506,0.72837305,0.10967,0.0906,3738799556.9951134,13.479999542236328,Small Caps,65,1.9600000532509827,29.40000079876474,54.15,40.0,Baixo,🟢,14.9399995803833,-9.772423555245608
MDNE3,MOURA DUBEUXON      NM,Real Estate,Imobiliário,7.1394234,1.3870727,0.27528998,0.1593,3082504035.583969,29.700000762939453,Small Caps,85,4.159999918612399,62.39999877918598,52.4,52.0,Baixo,🟢,33.20000076293945,-10.542168432438668
SHUL4,SCHULZ      PN,Consumer Cyclical,Consumo Cíclico,7.1917806,1.2068965,0.17659001,0.0795,1871909649.75,5.25,Small Caps,85,0.7300000225257149,10.950000337885724,52.05,46.0,Baixo,🟢,5.349999904632568,-1.8691571292548694
BRAP3,BRADESPAR   ON      N1,Financial Services,Serviços Financeiros,7.196296,0.8371392,0.12597,0.1632,8074288297.398178,19.43000030517578,Small Caps,65,2.700000153575642,40.50000230363463,52.02,40.0,Baixo,🟢,20.07999992370605,-3.2370499053782025
SMTO3,SAO MARTINHOON      NM,Basic Materials,Materiais Básicos,7.3836207,0.9157979,0.11124,0.0533,5529106203.947874,17.1299991607666,Small Caps,65,2.319999883088063,34.79999824632094,50.78,34.0,Baixo,🟢,18.459999084472656,-7.204767007950524
EVEN3,EVEN        ON      NM,Real Estate,Imobiliário,7.43617,0.6924906,0.104119994,0.10949999999999999,1368760582.4710522,6.989999771118164,Small Caps,65,0.9399999961160335,14.099999941740503,50.43,40.0,Baixo,🟢,7.710000038146973,-9.338524817982414
ISAE4,ISA ENERGIA PN      N1,Utilities,Utilidades Públicas,7.4609165,0.8622516,0.12099,0.0953,18237890055.795227,27.68000030517578,Mid Caps,80,3.7100000120864216,55.65000018129632,50.26,46.0,Baixo,🟢,28.770000457763672,-3.788669222261867
TGMA3,TEGMA       ON      NM,Industrials,Indústria,7.523924,2.3775327,0.27091998,0.1409,2073742979.7065277,31.450000762939453,Small Caps,60,4.179999793052064,62.699996895780956,49.84,42.0,Baixo,🟢,36.84999847412109,-14.653997109318547
BBSE3,BBSEGURIDADEON      NM,Financial Services,Serviços Financeiros,7.537634,6.5526266,0.89815,0.1487,68039581079.42056,35.04999923706055,Blue Chips,75,4.650000150851122,69.75000226276683,49.75,48.0,Baixo,🟢,34.849998474121094,0.5738903061587497
WIZC3,WIZ CO      ON      NM,Financial Services,Serviços Financeiros,7.537815,2.0554538,0.27255,0.06309999999999999,1434368371.2098513,8.970000267028809,Small Caps,60,1.190000055324893,17.850000829873395,49.75,42.0,Baixo,🟢,9.6899995803833,-7.430333792914485
ENGI4,ENERGISA    PN      N2,Utilities,Utilidades Públicas,7.6030536,0.20604481,0.14495,0.06570000000000001,29767702030.330814,9.960000038146973,Mid Caps,80,1.3099999766076846,19.64999964911527,49.31,42.0,Baixo,🟢,10.399999618530272,-4.230765351176808
BPAC5,BTGP BANCO  PNA     N2,Financial Services,Serviços Financeiros,7.6785717,0.7393906,0.23868,0.0433,124567287659.5,10.75,Blue Chips,85,1.3999999505116296,20.999999257674446,48.81,54.0,Baixo,🟢,11.380000114440918,-5.536029069467799
VIVA3,VIVARA S.A. ON      NM,Consumer Cyclical,Consumo Cíclico,7.9365077,2.0017614,0.28418,0.054299999999999994,5876795350.0,25.0,Small Caps,60,3.150000093870003,47.25000140805004,47.09,36.0,Baixo,🟢,29.670000076293945,-15.739804733014584
NEOE3,NEOENERGIA  ON      NM,Utilities,Utilidades Públicas,7.985508,1.1008625,0.14588,0.044199999999999996,40128138685.776855,33.060001373291016,Mid Caps,65,4.139999781265138,62.099996718977074,46.76,30.0,Baixo,🟢,32.939998626708984,0.3643070782787724
LEVE3,METAL LEVE  ON      NM,Consumer Cyclical,Consumo Cíclico,7.990719,5.3230295,0.58611,0.0356,4667962973.865509,34.439998626708984,Small Caps,45,4.3099999670503975,64.64999950575596,46.73,36.0,Baixo,🟢,35.689998626708984,-3.5023817542670046
BGIP3,BANESE      ON,Financial Services,Serviços Financeiros,8.020618,1.4271957,0.15865,0.0817,1351130354.5168152,62.2400016784668,Small Caps,85,7.760000747880873,116.4000112182131,46.53,42.0,Baixo,🟢,62.2400016784668,0.0
SBFG3,GRUPO SBF   ON      NM,Consumer Cyclical,Consumo Cíclico,8.078572,0.7983342,0.10802,0.048499999999999995,2598171331.9257593,11.3100004196167,Small Caps,50,1.3999999529145373,20.99999929371806,46.14,30.0,Baixo,🟢,12.3100004196167,-8.123476571182255
BRAP4,BRADESPAR   PN      N1,Financial Services,Serviços Financeiros,8.185185,0.95217586,0.12597,0.1578,8687435230.954456,22.100000381469727,Small Caps,65,2.7000001076908737,40.500001615363104,45.43,36.0,Baixo,🟢,23.06999969482422,-4.204591791009484
TAEE3,TAESA       ON      N2,Utilities,Utilidades Públicas,8.293413,0.62407064,0.23587999,0.07769999999999999,14359431109.350946,13.850000381469727,Mid Caps,100,1.6700000809642215,25.05000121446332,44.71,60.0,Baixo,🟢,14.270000457763672,-2.9432380015477997
EKTR4,ELEKTRO     PN  EJ,Utilities,Utilidades Públicas,8.404256,3.7497625,0.47262,0.10679999999999999,7653490967.5,39.5,Small Caps,60,4.699999619240537,70.49999428860805,43.97,42.0,Baixo,🟢,39.5,0.0
CLSC4,CELESC      PN      N2,Utilities,Utilidades Públicas,8.440816,1.4130646,0.19126,0.055999999999999994,5583623301.2799225,144.75999450683594,Small Caps,85,17.150000012657063,257.25000018985594,43.73,36.0,Baixo,🟢,147.75,-2.0236923811601097
TEND3,TENDA       ON      NM,Real Estate,Imobiliário,8.463557,2.978047,0.44834998,0.0425,3517910524.0890045,29.030000686645508,Small Caps,45,3.4300000208713084,51.45000031306962,43.58,36.0,Baixo,🟢,30.670000076293945,-5.347242861326426
AZZA3,AZZAS 2154  ON      NM,Consumer Cyclical,Consumo Cíclico,8.467692,0.69588083,0.11609,0.09,5558292896.935833,27.520000457763672,Small Caps,65,3.2500001721559633,48.75000258233945,43.55,36.0,Baixo,🟢,27.520000457763672,0.0
TAEE4,TAESA       PN      N2,Utilities,Utilidades Públicas,8.48503,0.6384896,0.23587999,0.076,14644648615.419542,14.170000076293945,Mid Caps,100,1.669999997206132,25.049999958091977,43.43,60.0,Baixo,🟢,14.5600004196167,-2.6785737093613418
KEPL3,KEPLER WEBERON      NM,Industrials,Indústria,8.544445,1.7215133,0.20629999,0.0701,1332921936.418128,7.690000057220459,Small Caps,60,0.8999999481792509,13.499999222688764,43.04,42.0,Baixo,🟢,8.369999885559082,-8.124251345711958
EQPA3,EQTL PARA   ON,Utilities,Utilidades Públicas,8.546666,2.7905965,0.3318,0.10279999999999999,14164138946.387436,6.409999847412109,Mid Caps,75,0.750000040648846,11.25000060973269,43.02,48.0,Baixo,🟢,6.389999866485596,0.31298875343347016
TTEN3,3TENTOS     ON      NM,Basic Materials,Materiais Básicos,8.58721,1.6234338,0.18494,0.0252,7377326430.834003,14.770000457763672,Small Caps,45,1.719999913564903,25.799998703473545,42.75,24.0,Baixo,🟢,15.84000015258789,-6.7550485133638425
CSED3,CRUZEIRO EDUON      NM,Consumer Defensive,Consumo Defensivo,8.681159,1.3185118,0.16102,0.0458,2183609809.032831,5.989999771118164,Small Caps,70,0.6900000070403232,10.350000105604847,42.13,36.0,Baixo,🟢,6.559999942779541,-8.689027082824362
BEES3,BANESTES    ON,Financial Services,Serviços Financeiros,8.775511,1.2333286,0.14352,0.04019999999999999,2988535788.1623116,8.600000381469727,Small Caps,50,0.9799999545860892,14.699999318791338,41.5,24.0,Baixo,🟢,8.630000114440918,-0.3476214666670939
ISAE3,ISA ENERGIA ON  ED  N1,Utilities,Utilidades Públicas,8.830645,1.0233006,0.12099,0.0803,21644315531.023865,32.849998474121094,Mid Caps,80,3.7199998951516102,55.799998427274154,41.13,36.0,Baixo,🟢,32.0099983215332,2.6241805580565134
ALUP4,ALUPAR      PN      N2,Utilities,Utilidades Públicas,8.870968,0.40288612,0.14232999,0.0233,10877686611.0,11.0,Mid Caps,65,1.2399999639272739,18.599999458909107,40.86,30.0,Baixo,🟢,10.989999771118164,0.09099389526937612
BEES4,BANESTES    PN,Financial Services,Serviços Financeiros,8.94898,1.2577083,0.14352,0.0394,3060705033.70821,8.770000457763672,Small Caps,50,0.9800000064547771,14.700000096821658,40.34,24.0,Baixo,🟢,8.800000190734863,-0.34090604910187183
DIRR3,DIRECIONAL  ON      NM,Real Estate,Imobiliário,9.006667,3.6582725,0.43120998,0.1954,7007119307.432236,13.510000228881836,Small Caps,60,1.4999999698980584,22.499999548470875,39.96,42.0,Baixo,🟢,13.510000228881836,0.0
VAMO3,VAMOS       ON  ES  NM,Industrials,Indústria,9.051282,1.430308,0.10601,0.0397,3778661627.2543974,3.5299999713897705,Small Caps,50,0.3899999990487282,5.849999985730923,39.66,24.0,Baixo,🟢,4.079999923706055,-13.480391240220749
SANB3,SANTANDER BRON,Financial Services,Serviços Financeiros,9.190184,0.44705743,0.10524,0.0564,113999373371.09027,14.979999542236328,Blue Chips,80,1.629999958894874,24.44999938342311,38.73,36.0,Baixo,🟢,15.960000038146973,-6.1403539697261
PLPL3,PLANOEPLANO ON      NM,Real Estate,Imobiliário,9.198718,2.9423828,0.38394,0.1103,2911755420.4039383,14.350000381469727,Small Caps,60,1.5600000327730155,23.400000491595232,38.68,42.0,Baixo,🟢,14.449999809265137,-0.6920375717326441
WHRL3,WHIRLPOOL   ON,Consumer Cyclical,Consumo Cíclico,9.255319,3.0504909,0.30252,0.1101,6605255667.38936,4.349999904632568,Small Caps,60,0.46999999725915104,7.049999958887265,38.3,42.0,Baixo,🟢,4.349999904632568,0.0
ENGI3,ENERGISA    ON      N2,Utilities,Utilidades Públicas,9.389314,0.2544529,0.14495,0.053200000000000004,30929515941.520885,12.300000190734863,Mid Caps,80,1.3099998775986044,19.649998163979067,37.4,36.0,Baixo,🟢,12.779999732971191,-3.755865041201641
SANB4,SANTANDER BRPN,Financial Services,Serviços Financeiros,9.411043,0.45780113,0.10524,0.060599999999999994,116739015910.96991,15.34000015258789,Blue Chips,80,1.6300000066504734,24.4500000997571,37.26,42.0,Baixo,🟢,16.420000076293945,-6.577344206382091
INTB3,INTELBRAS   ON      NM,Technology,Tecnologia,9.439189,1.5284463,0.16176,0.10039999999999999,4571960031.590481,13.970000267028809,Small Caps,60,1.4800000579529458,22.200000869294186,37.07,36.0,Baixo,🟢,13.970000267028809,0.0
PSSA3,PORTO SEGUROON      NM,Financial Services,Serviços Financeiros,9.464492,2.0059392,0.22815001,0.0495,31565506943.204155,49.310001373291016,Mid Caps,60,5.209999794314477,78.14999691471715,36.9,42.0,Baixo,🟢,50.470001220703125,-2.2983947282653716
UNIP3,UNIPAR      ON,Basic Materials,Materiais Básicos,9.583963,2.8625004,0.29680002,0.1461,7071263222.228111,63.349998474121094,Small Caps,60,6.6100003176265485,99.15000476439823,36.11,42.0,Baixo,🟢,65.77999877929688,-3.6941324874888597
WHRL4,WHIRLPOOL   PN,Consumer Cyclical,Consumo Cíclico,9.595745,3.162693,0.30252,0.1124,6777565231.02042,4.510000228881836,Small Caps,60,0.4700000082205014,7.050000123307521,36.03,42.0,Baixo,🟢,4.599999904632568,-1.9565147307958755
REDE3,REDE ENERGIAON,Utilities,Utilidades Públicas,9.769231,3.220081,0.30802,0.0932,16308096672.726957,6.349999904632568,Mid Caps,75,0.6499999748836494,9.749999623254741,34.87,48.0,Baixo,🟢,6.289999961853027,0.9538941676219835
UNIP6,UNIPAR      PNB,Basic Materials,Materiais Básicos,10.018154,2.992183,0.29680002,0.1537,7391619107.917511,66.22000122070312,Small Caps,35,6.610000327475814,99.1500049121372,33.21,42.0,Baixo,🟢,68.5199966430664,-3.356677663521193
ALUP3,ALUPAR      ON      N2,Utilities,Utilidades Públicas,10.112903,0.4592902,0.14232999,0.0203,12400562698.8172,12.539999961853027,Mid Caps,40,1.240000023915292,18.60000035872938,32.58,30.0,Baixo,🟢,12.960000038146973,-3.2407413198896653
CPFE3,CPFL ENERGIAON      NM,Utilities,Utilidades Públicas,10.115546,2.4669538,0.25354,0.057999999999999996,55481053044.200745,48.150001525878906,Blue Chips,50,4.760000253656986,71.40000380485479,32.56,42.0,Baixo,🟢,49.869998931884766,-3.4489621873766794
MOTV3,MOTIVA SA   ON      NM,Industrials,Indústria,10.255172,1.8933028,0.20778,0.0219,29895951348.467945,14.869999885559082,Mid Caps,35,1.4500000473477268,21.7500007102159,31.63,36.0,Baixo,🟢,16.200000762939453,-8.20988157249349
EKTR3,ELEKTRO     ON  EJ,Utilities,Utilidades Públicas,10.374468,4.6288204,0.47262,0.0787,9447701436.181507,48.7599983215332,Small Caps,35,4.699999876767966,70.49999815151949,30.84,42.0,Baixo,🟢,48.7599983215332,0.0
UNIP5,UNIPAR      PNA,Basic Materials,Materiais Básicos,10.435704,3.116895,0.29680002,0.1475,7699696488.648155,68.9800033569336,Small Caps,35,6.609999992040173,99.14999988060259,30.43,42.0,Baixo,🟢,67.51000213623047,2.1774569311029874
LREN3,LOJAS RENNERON      NM,Consumer Cyclical,Consumo Cíclico,10.458333,1.4146159,0.13732,0.0605,14791921207.50721,15.0600004196167,Mid Caps,55,1.4400000860191293,21.60000129028694,30.28,36.0,Baixo,🟢,15.470000267028809,-2.6502898534910924
EQPA5,EQTL PARA   PNA,Utilities,Utilidades Públicas,10.599999,3.4610362,0.3318,0.08289999999999999,17562137934.30257,7.949999809265137,Mid Caps,50,0.7500000527608669,11.250000791413003,29.33,44.0,Baixo,🟢,7.949999809265137,0.0
FIQE3,UNIFIQUE    ON      NM,Communication Services,Comunicação,10.72,1.642157,0.16124001,0.15839999999999999,2086254333.1673503,5.360000133514404,Small Caps,35,0.5000000124547018,7.500000186820527,28.53,32.0,Baixo,🟢,5.510000228881836,-2.722324666724591
CMIN3,CSNMINERACAOON      N2,Basic Materials,Materiais Básicos,10.755556,2.6035504,0.25948998,0.1047,26291096392.784218,4.840000152587891,Mid Caps,50,0.4499999955918495,6.749999933877742,28.3,44.0,Baixo,🟢,5.269999980926514,-8.159389561573112
BMEB3,MERCANTIL   ON  ED  N1,Financial Services,Serviços Financeiros,10.84816,3.2218833,0.30315,0.023799999999999998,9137080073.257141,70.7300033569336,Small Caps,20,6.520000014466379,97.80000021699568,27.68,26.0,Médio,🟡,73.63999938964844,-3.951651353658079
UGPA3,ULTRAPAR    ON      NM,Energy,Energia,11.114895,1.7818406,0.16381,0.067,27916049605.260292,26.1200008392334,Mid Caps,50,2.3499997831048693,35.24999674657304,25.9,38.0,Baixo,🟢,27.229999542236328,-4.076381644007066
MILS3,MILLS       ON      NM,Industrials,Indústria,11.168,1.8849581,0.18961,0.0538,3164844777.528227,13.960000038146973,Small Caps,35,1.250000003415739,18.750000051236086,25.55,26.0,Baixo,🟢,15.119999885559082,-7.671956720846343
CEBR5,CEB         PNA,Utilities,Utilidades Públicas,11.845528,2.111288,0.18868,0.15380000000000002,2244782456.401932,29.139999389648438,Small Caps,35,2.460000043024544,36.90000064536816,21.03,32.0,Baixo,🟢,30.06999969482422,-3.0927845514273717
CURY3,CURY S/A    ON      NM,Real Estate,Imobiliário,12.060402,7.572693,0.6767,0.1336,11109025973.596802,35.939998626708984,Mid Caps,50,2.980000055280826,44.70000082921239,19.6,44.0,Baixo,🟢,36.77999877929688,-2.2838504090998666
BMEB4,MERCANTIL   PN  ED  N1,Financial Services,Serviços Financeiros,12.269938,3.644149,0.30315,0.0231,9870410080.0,80.0,Small Caps,20,6.520000345560018,97.80000518340027,18.2,26.0,Médio,🟡,87.25,-8.30945558739255
ENMT3,ENERGISA MT ON,Utilities,Utilidades Públicas,12.317536,2.870079,0.25207,0.1058,11380601888.996334,51.97999954223633,Mid Caps,50,4.219999806961094,63.29999710441641,17.88,44.0,Baixo,🟢,50.0,3.9599990844726562
CEBR6,CEB         PNB,Utilities,Utilidades Públicas,12.609756,2.2475004,0.18868,0.1589,2235981036.296482,31.020000457763672,Small Caps,35,2.460000055335224,36.90000083002836,15.93,32.0,Baixo,🟢,31.200000762939453,-0.5769240409429491
CEBR3,CEB         ON,Utilities,Utilidades Públicas,12.682927,2.260542,0.18868,0.1436,2322729639.9981422,31.200000762939453,Small Caps,35,2.4600000270394564,36.90000040559185,15.45,32.0,Baixo,🟢,31.520000457763672,-1.015227443454557
CXSE3,CAIXA SEGURION      NM,Financial Services,Serviços Financeiros,12.685315,4.015939,0.32463002,0.0723,54419998168.94531,18.139999389648438,Blue Chips,50,1.4299999164110972,21.449998746166457,15.43,44.0,Baixo,🟢,18.06999969482422,0.3873807194599385
BMOB3,BEMOBI TECH ON      NM,Communication Services,Comunicação,12.698864,1.6602288,0.13066,0.1,1885981314.6899223,22.350000381469727,Small Caps,15,1.7599999796414645,26.399999694621968,15.34,20.0,Baixo,🟢,24.540000915527344,-8.924207222306682
FLRY3,FLEURY      ON      NM,Healthcare,Saúde,13.741072,1.6770186,0.113970004,0.12279999999999999,8387788285.806212,15.390000343322754,Small Caps,15,1.119999978409454,16.799999676141812,8.39,16.0,Baixo,🟢,16.350000381469727,-5.871559729350151
ALPA3,ALPARGATAS  ON      N1,Consumer Cyclical,Consumo Cíclico,13.949368,1.8193825,0.15432,0.0446,7470356055.733746,11.020000457763672,Small Caps,20,0.7899999812008452,11.849999718012679,7.0,22.0,Baixo,🟢,11.020000457763672,0.0
EGIE3,ENGIE BRASILON      NM,Utilities,Utilidades Públicas,13.960176,2.8250358,0.2182,0.0495,36041814242.88985,31.549999237060547,Mid Caps,35,2.2600001058052954,33.90000158707943,6.93,34.0,Baixo,🟢,33.060001373291016,-4.56745938749534
SBSP3,SABESP      ON      NM,Utilities,Utilidades Públicas,14.16,2.3915765,0.17889999,0.0432,101629848658.79997,145.13999938964844,Blue Chips,35,10.249999956896076,153.74999935344113,5.6,28.0,Baixo,🟢,149.4199981689453,-2.8644082664608197
ALPA4,ALPARGATAS  PN      N1,Consumer Cyclical,Consumo Cíclico,14.506329,1.8920257,0.15432,0.0565,7768627688.519479,11.460000038146973,Small Caps,35,0.7900000088338665,11.850000132507997,3.29,18.0,Baixo,🟢,11.460000038146973,0.0
TIMS3,TIM         ON      NM,Communication Services,Comunicação,14.860335,2.6499302,0.17117001,0.10460000000000001,63538578276.40465,26.600000381469727,Blue Chips,50,1.7900000492229635,26.850000738344452,0.93,30.0,Baixo,🟢,27.26000022888184,-2.4211292805230658
ABEV3,AMBEV S/A   ON,Consumer Defensive,Consumo Defensivo,15.151515,2.6642983,0.16976999,0.1591,234251523450.0,15.0,Blue Chips,50,0.9900000099000001,14.850000148500001,-1.01,30.0,Baixo,🟢,15.649999618530272,-4.15335229631983
EQTL3,EQUATORIAL  ON      NM,Utilities,Utilidades Públicas,15.4440155,1.7580099,0.1313,0.0593,50333583240.0,40.0,Blue Chips,30,2.58999999061125,38.849999859168754,-2.96,12.0,Baixo,🟢,42.290000915527344,-5.414993771462746
SLCE3,SLC AGRICOLAON      NM,Consumer Defensive,Consumo Defensivo,15.5172415,1.6966726,0.11582,0.0717,8943235560.0,18.0,Small Caps,15,1.1599999909777778,17.39999986466667,-3.45,12.0,Baixo,🟢,17.06999969482422,5.44815654248527
CPLE3,COPEL       ON      NM,Utilities,Utilidades Públicas,15.655556,1.8091936,0.10955,0.0868,41848301716.77688,14.09000015258789,Mid Caps,30,0.8999999841965299,13.49999976294795,-4.37,18.0,Baixo,🟢,15.119999885559082,-6.8121675976659954
FRAS3,"FRAS,LE     ON      N1",Consumer Cyclical,Consumo Cíclico,16.060606,2.390079,0.11966,0.0348,5879504140.789883,21.200000762939453,Small Caps,0,1.3200000524849096,19.800000787273643,-7.07,6.0,Médio,🟡,24.690000534057617,-14.135276207483372
KLBN4,KLABIN S/A  PN      N2,Basic Materials,Materiais Básicos,16.652174,0.5959234,0.14569001,0.08539999999999999,23497782659.032043,3.8299999237060547,Mid Caps,55,0.2299999942173349,3.4499999132600236,-11.01,30.0,Baixo,🟢,3.9800000190734863,-3.7688465992105833
KLBN3,KLABIN S/A  ON      N2,Basic Materials,Materiais Básicos,16.695652,0.59747934,0.14569001,0.0852,23559134514.692295,3.8399999141693115,Mid Caps,55,0.2299999972549327,3.4499999588239905,-11.3,30.0,Baixo,🟢,4.0,-4.000002145767212
GGPS3,GPS         ON      NM,Industrials,Indústria,16.85,2.0823035,0.18595,0.0316,12637668432.256102,16.850000381469727,Mid Caps,35,1.0000000226391528,15.000000339587292,-12.33,24.0,Baixo,🟢,18.31999969482422,-8.024013852848467
RDOR3,REDE D OR   ON      NM,Healthcare,Saúde,17.183098,4.172842,0.20047002,0.0913,80751335534.42172,36.599998474121094,Blue Chips,50,2.1299999845267186,31.949999767900778,-14.55,36.0,Baixo,🟢,39.52999877929688,-7.412093082862231
MOVI3,MOVIDA      ON  ES  NM,Industrials,Indústria,18.225807,1.3773768,0.10215,0.0809,3884697386.77055,11.300000190734863,Small Caps,40,0.6199999918102317,9.299999877153475,-21.51,18.0,Baixo,🟢,12.93000030517578,-12.606342428224382
SMFT3,SMART FIT   ON      NM,Consumer Cyclical,Consumo Cíclico,19.136843,1.9179238,0.11505,0.0814,11166404453.523132,18.18000030517578,Mid Caps,30,0.949999971530089,14.249999572951335,-27.58,18.0,Baixo,🟢,19.07999992370605,-4.716979151619704
B3SA3,B3          ON      NM,Financial Services,Serviços Financeiros,20.337349,4.872979,0.25591,0.0352,84616117472.04796,16.8799991607666,Blue Chips,35,0.8299999749606796,12.449999624410193,-35.58,30.0,Médio,🟡,18.459999084472656,-8.559046598409894
IGTI4,IGUATEMI S.APN      N1,Real Estate,Imobiliário,25.276596,0.7577497,0.13001001,0.024300000000000002,14330571206.92745,11.880000114440918,Mid Caps,40,0.46999999978006995,7.049999996701049,-68.51,18.0,Médio,🟡,11.899999618530272,-0.1680630649618774
>>>>>>> aa57e7f0fb2217d88ed052eac90d8c571754ae40
